file,entities
10195,"['Apoyo (PER)', 'españa (LOC)', 'Vaya Salamanca (LOC)', 'Manuel Villalba (PER)', 'Organización Mundial Salud OMS (ORG)', 'Estimado Manuel Villalba (PER)', 'Solo (PER)', 'Usted (PER)', 'España (ORG)', 'nops (PER)', 'Colegios (LOC)', 'Vale (ORG)', 'Hola (LOC)', 'Comisión Reales Decretos (ORG)', 'haré (PER)', 'Sabia (PER)', 'betis (ORG)', 'jajaja (PER)', 'Salamanca (LOC)', 'Conozco Padre Poveda (PER)', 'Busque (LOC)', 'EB4CTV (ORG)', 'Dediquese (PER)', 'Madrid (LOC)', 'Unión Internacional RadioComunicaciones (ORG)', 'Respondo (PER)', 'Guarderías Colegios (ORG)', 'Whatsapp (ORG)', 'EB4CTV alegra mañana (PER)', 'Orden Ministerial 232002 (ORG)']"
10675,"['Hollywood (LOC)', 'EEUU (LOC)', 'Coco (PER)', 'Andaluces (LOC)', 'España (LOC)', 'Entérese (LOC)', 'Negros (LOC)', 'Prefiero (PER)', 'Altos/Bajos (LOC)', 'Obvio (PER)', 'Alcalde (PER)', 'Vascos (LOC)', 'Usted (PER)', 'Investigaré (LOC)', 'Blancos (ORG)', 'Hancock (PER)', 'Jajajajaja (PER)']"
10687,"['Madrid (LOC)', 'Haciendo (PER)', 'opino (PER)', 'Hacienda (PER)', 'Blablacar (PER)', 'Pagáremos (PER)', 'Ayuntamiento (PER)', 'Dedocar (LOC)', 'Aparcamiento (LOC)']"
1085,"['Vitoria (LOC)', 'Sustos (LOC)', 'Vais (LOC)', 'Dijeron (LOC)', 'Ayuntamiento (LOC)', 'Saludos (LOC)', 'valencia (LOC)', 'Solo (PER)', 'sip (ORG)', 'Grecia (LOC)', 'Alucino (PER)', 'ciega (PER)', 'Parque Cuña Verde ODonnell (LOC)', 'OCDE (ORG)', 'Carlos (PER)', 'España (LOC)', 'Sitges (LOC)', 'calle Mirasierra (LOC)', 'Xátiva (LOC)', 'Alicante (LOC)', 'Hola (LOC)', 'Comunidad Madrid (ORG)', 'Sabes (PER)', 'Dudo (LOC)', 'Pura (PER)', 'Chamartín Tetuán (LOC)', 'Cortar (LOC)', 'calles vicalvaro (PER)', 'Valdezarza (LOC)', 'Bomberos (ORG)', 'implanta microchip (PER)', 'proposals/137 (ORG)', 'Buscate (LOC)', 'Paseo Delicias (LOC)', 'Ohhhhhh. (PER)', 'Carmena Dimisión (PER)', 'Tercer Reich (ORG)', 'Stopcacadeperro (PER)', 'Anda (PER)', 'Perdona (LOC)', 'distrito Usera (LOC)', 'Peor (PER)', 'Madrid (LOC)', 'Trabes (PER)', 'Uhm (PER)', 'Europa (LOC)', 'Encargados (LOC)', 'Ohhhh (PER)', 'Palmas Gran Canaria (LOC)', 'Multar (LOC)', 'Cuesta (PER)', 'Gracias (PER)', 'posble (PER)', 'Votado. (LOC)', 'Oxfam Intermon (ORG)', 'dadle difusión (PER)', 'Respetaba (PER)', 'Buenos (LOC)', 'Jolín (LOC)']"
109,"['Apoyo (PER)', 'Ayuntamiento (LOC)', 'Aluche (PER)', 'Madrid (ORG)', 'Conozco Aluche (LOC)', 'Buenos días tod@s (LOC)', 'Camarena Valmojado (PER)', 'graffittis (PER)', 'España (LOC)', 'Vomitivo (LOC)', 'Castillejos (LOC)', 'Malasaña (LOC)', 'Aluche (LOC)', 'Tolerancia (LOC)', 'mia. (ORG)', 'Apoyad (PER)', 'Madrid (LOC)', 'Centro (LOC)', 'Vallecas (LOC)', 'Votado (PER)', 'Graffitis (PER)', 'Votado (LOC)']"
10996,"['Madrid (LOC)', 'Google (ORG)', 'París (LOC)', 'Guardian (ORG)', 'Ayuntamiento (LOC)', 'Ayuntamiento Madrid (LOC)', 'Ayuntamiento Comunidad. (LOC)', 'Estado (LOC)', 'Transportes (ORG)', 'Roma (LOC)', 'Tallín (LOC)', 'Barcelona (LOC)', 'viena (LOC)', 'Paris (LOC)', 'Comunidad Madrid (ORG)', 'Viena (LOC)', 'Londres (LOC)']"
11134,"['Aprecia (LOC)', 'Sabe (PER)', 'Respeto Tolerancia (PER)', 'opino (PER)', 'España (LOC)', 'Preocupese (LOC)', 'prorateo (PER)', 'Salgo (PER)', 'públic@s (PER)', 'Julio (PER)', 'Seria (LOC)', 'Usted (PER)', 'Europa (LOC)', 'Sale (PER)']"
1114,"['Madrid (LOC)', 'Apoyo (PER)', 'OCDE (ORG)', 'Discrepo (PER)', 'España (LOC)', 'Votado. (LOC)', 'Programa (ORG)', 'Oxfam Intermon (ORG)', 'Grecia (LOC)', 'Europa (LOC)', 'Gracias Manuel (PER)']"
1121,"['Banco Central Cocheras Cuatro Caminos (ORG)', 'Alberto Aguilera (PER)', 'Acabo (LOC)', 'Cocheras Históricas Metro (LOC)', 'Municipal Transportes muniqués (ORG)', 'Ley (LOC)', 'Metro (LOC)', 'Hola Alvaro Bonet (PER)', 'Vaya (LOC)', 'Edificadas (LOC)', 'Hola Luis (LOC)', 'Antonio Palacios (PER)', 'Cuatro Caminos (LOC)', 'Hola llamo Miguel estudiante Turismo (LOC)', 'Alvaro Bonet (PER)', 'Hola (LOC)', 'Metropolitan (LOC)', 'EEUU (LOC)', 'EEUU Alemania (LOC)', 'Centenario (LOC)', 'Avda. Reina Victoria Pablo Iglesias Bravo Murillo (PER)', 'Encima (LOC)', 'Metro Budapest (LOC)', 'Museo Metro Cocheras Históricas Cuatro Caminos (LOC)', 'Miriam (PER)', 'Museo Metro Madrid (LOC)', 'Nave Motores Estación Chamberí (LOC)', 'Museo cocheras (LOC)', 'Centro (LOC)', 'Santander (LOC)', 'Metro Madrid (LOC)', 'Ayuntamiento (LOC)', 'Alarmante (LOC)', 'ICADE (ORG)', 'Estación Chamberí (LOC)', 'Museo Ferrocarril (LOC)', 'apantalla (LOC)', 'Povenir (ORG)', 'Prque (LOC)', 'España (LOC)', 'vendo terreno (PER)', 'museo Metro (LOC)', 'Palacios (PER)', 'Historia (ORG)', 'Ferrocarril (LOC)', 'Alvaro Bonet Luis Marco (PER)', 'señor Bonet (PER)', 'Venezuela (LOC)', 'Cuatro Vientos (LOC)', 'Madrid (LOC)', 'Nueva York (LOC)', 'Reina Victoria Parque Santander (LOC)', 'Perjudicados (LOC)', 'Notese (PER)', 'Gracias (PER)', 'Rectificar (PER)', 'Infórmese (LOC)', 'Ayuntamiento Madrid (LOC)', 'Centro Interpretación Botijo (LOC)', 'Arias Navarro (PER)', 'Iberia (ORG)', 'Dejadnos (LOC)', '4caminos (LOC)', 'Museo Metro? (LOC)', 'Cooperativa (ORG)', 'metro Madrid (LOC)', 'Tempelhoff Berlin (LOC)', 'desahuciarte (PER)', 'Ayuntamiento Círculo Bellas Artes (LOC)', 'Tranvía Autobús (LOC)', 'Marco (PER)', 'Porvenir (LOC)', 'Palacio Cibeles (LOC)', 'Buenos días (LOC)', 'Ayuntamiento (PER)', 'Biblioteca Pública (LOC)', 'Delicias (LOC)', 'Deja (PER)', 'Dejad favor (ORG)', 'Alucinaríais (PER)', 'Curiosa (PER)', 'Edificio España (LOC)', 'Patrimonio Humanidad Unesco (LOC)', 'Atocha (LOC)', 'Almansa (LOC)', 'Metro Cuatro Caminos (LOC)', 'Espero (LOC)', 'Cuatrocaminos (LOC)', 'Munich (LOC)', 'Plataforma Salvemos Cuatro Caminos (ORG)', 'Chamberí (LOC)', 'Buenisima (PER)', 'Anden Metro Madrid (LOC)', 'Instituto Cervantes (ORG)', 'Humanidad (LOC)', 'Museo (LOC)', 'Golf Canal (LOC)', 'Comunidad Madrid (LOC)', 'Opinar (PER)', 'Estación museo Chamberí (LOC)', 'patrimoio (LOC)', '¿Ruinosas (LOC)', 'Google (ORG)', 'birria (LOC)', 'Museo Metro (LOC)', 'Museo Aspirina (LOC)', 'Ibosa (PER)', 'Conoceras (PER)', 'Seria (LOC)', 'Marques Viana Tetuán (LOC)', 'Cibeles (PER)']"
12131,"['Madrid (LOC)', 'Llamar (PER)', 'Pío (PER)', 'Desconozco (PER)', 'Ayuntamiento Madrid (LOC)']"
1266,"['Aceras (LOC)', 'Apoyo (PER)', 'Ayuntamiento (LOC)', 'Málaga (LOC)', 'Munich (LOC)', 'Centro Madrid (LOC)', 'calle Huertas (LOC)', '¿Satanizar (LOC)', 'Grecia (LOC)', 'mimi (PER)', 'vallo (LOC)', 'OCDE (ORG)', 'Montecarmelo (LOC)', 'Pertenezco Asociación Vecinos Centro (PER)', 'ojalá salgan (PER)', 'Papa Francisco (PER)', 'España (LOC)', 'Palurdo (LOC)', 'Pekín (LOC)', 'dueñod bares (LOC)', 'Amsterdam (LOC)', 'Gran (LOC)', 'Septiembre (LOC)', 'Berna (LOC)', 'Barrio Letras (LOC)', 'Embajadores (LOC)', 'Pues (LOC)', 'Europa (LOC)', 'Madrid (LOC)', 'Distrito Centro Palacio (LOC)', 'Iglesia Miguel calle Sacramento (LOC)', 'París (LOC)', 'Malasaña Chueca (PER)', 'Universidad (ORG)', 'Gracias Gabriela (PER)', 'Centro (LOC)', 'Karmela (PER)', 'Gracias Dios (PER)', 'Oxfam Intermon (ORG)', 'Valdebebas (LOC)']"
1284,"['China (LOC)', 'Ningúna (PER)', 'Catedral Santiago Mezquita Cordoba (LOC)', 'Europeos (LOC)', 'Ayuntamiento (LOC)', 'Iglesia Católica (ORG)', 'Seguir (LOC)', 'Papa Francisco (PER)', 'ojalá (PER)', 'España (LOC)', 'Catalonia Spain (LOC)', 'Excmo (PER)', 'Isidro (PER)', 'Viva Madrid (PER)', 'Vale (ORG)', 'Ayuntaniento Madrid (PER)', 'Nadie (PER)', 'Bueno (LOC)']"
1419,"['Retiro Madrid Rio (LOC)', 'Gandhi (PER)', 'Puerta Hierro (LOC)', 'Cuesta (LOC)', 'Carril (PER)', 'Quise (PER)', 'Pués (PER)', 'Fijate (LOC)', 'Holanda (LOC)', 'Llevo (LOC)', 'Llevado (LOC)', 'Decathlon (ORG)', 'anillo (PER)', 'martin vega (PER)', 'Javier Saludos (PER)', 'dude (PER)', 'Digo (LOC)', 'OCDE (ORG)', 'contaminasen (PER)', 'Montecarmelo (LOC)', 'Madrid Capital (LOC)', 'Madrid Río (LOC)', 'Pekín (LOC)', 'Porfa (LOC)', 'Apoyarla (LOC)', 'Hola (LOC)', 'Viena (LOC)', 'Madrid Amsterdam (LOC)', 'Ámsterdam (LOC)', 'Étera (LOC)', 'Alpes (LOC)', 'Ayuntamiento Aluche (LOC)', 'Atocha (PER)', 'Falló (PER)', 'Amsterdam Madrid (LOC)', 'Álvarez Manzano (PER)', 'colegio Guipúzcoa (LOC)', 'vallan (PER)', 'Sebastián (PER)', 'Estudiad (LOC)', 'Carmena (PER)', 'Cuesta (PER)', 'Madrid Capital (ORG)', 'cuealquier (PER)', 'General Ricardos (LOC)', 'Santiago Chile (LOC)', 'Ayuntamiento (LOC)', 'Inés Sabanés (PER)', 'Museo Ferrocarril (LOC)', 'Parque Empresarial (LOC)', 'Copenhague (LOC)', 'Pasear (LOC)', 'Sebastián Zarautz (PER)', 'Pablo (PER)', 'opino (PER)', 'Peatones (PER)', 'España (LOC)', 'Norte Sur- Torres Castellana (LOC)', 'civilación (LOC)', 'Portugal (LOC)', 'Hola Mori (PER)', 'Berlin (LOC)', 'Copenhague Amsterdam (LOC)', 'parque Aluche accidente (LOC)', 'Ayer (PER)', 'Francia (LOC)', 'kmh (LOC)', 'crei avia (PER)', 'Granada (LOC)', 'Relacionado (PER)', 'Prado (LOC)', 'Aparquen (LOC)', 'Javier (PER)', 'Amsterdam Estocolmo (LOC)', 'Londres Pedales (ORG)', 'Ell@s (LOC)', 'Cambridge (LOC)', 'Retiro Puerta Alcalá (LOC)', 'Madrid (LOC)', 'Óscar (PER)', 'Háztelo (PER)', 'Contaminación (LOC)', 'Gracias (PER)', 'Zarautz Guipúzcoa (LOC)', 'Barcelona (LOC)', 'Instituto trabajo (ORG)', 'Ayuntamiento Madrid (LOC)', 'Juan Carlos (PER)', 'Viví Amsterdam (LOC)', 'Nueva Delhi (LOC)', 'Ayuntamiento Copenhague (LOC)', 'Lisboa Francisco (LOC)', 'Ignacio (PER)', 'Hola Alberto (PER)', 'Arturo Soria (PER)', 'Guipúzcoa (LOC)', 'Porq (LOC)', 'Carabanchel (LOC)', 'Hola Luis (PER)', 'Saludos (PER)', 'Peatones (ORG)', 'metro Madrid (LOC)', 'Bravo (PER)', 'pacifican (LOC)', 'Paseo Prado-Castellana-etc (LOC)', 'Prefiero (PER)', 'Carril (LOC)', 'Muchisimas (ORG)', 'Perdón (PER)', 'Paseo Castellana-Paseo Prado-Santa María Cabeza- (LOC)', 'Gobierno Municipal (LOC)', 'Jajaja (PER)', 'Cruces (LOC)', 'Domingo (PER)', 'Etc (LOC)', 'Continúa (LOC)', 'Puerta Ángel (LOC)', 'Instituto (ORG)', 'Jajaja (LOC)', 'Aprovecho (PER)', 'Sevilla (LOC)', 'Europa (LOC)', 'Paseo Castellana (LOC)', 'General Ricardos (PER)', 'M-30 M-40 (LOC)', 'Carril Bici (LOC)', 'Páramos Ayuntamiento (LOC)', 'postestad (PER)', 'google (ORG)', 'alegro (LOC)', 'Peineta (LOC)', 'Casa Campo (LOC)', 'Oxfam Intermon (ORG)', 'Carriles (PER)', 'Vengo (LOC)', 'Vitoria (LOC)', 'Bélgica (LOC)', 'Pedir (LOC)', 'Apoyo (PER)', 'Saludos (LOC)', 'Pensando (PER)', 'Bici Parque Tierno Galván Delicias Atocha (LOC)', 'Toledo (LOC)', 'Serrano (LOC)', 'Creación Ciclista (ORG)', 'Munich (LOC)', 'metro Aluche (LOC)', 'Retiro (LOC)', 'Respetarnos (LOC)', 'Continúo (LOC)', 'Grecia (LOC)', 'Ralentizan (LOC)', 'amigo msamper (PER)', 'Carlos III (PER)', 'Sale (PER)', 'Planetario Delicias (LOC)', 'radical anti-coches (PER)', 'Principe Vergara (PER)', 'estaciones Bicimad (LOC)', 'Multas (PER)', 'Hace Bruselas (LOC)', 'Holandeses (LOC)', 'Aunq (LOC)', 'Dice (PER)', 'Insisto (PER)', 'Ojalá (PER)', 'Sexta (ORG)', 'subsanaria (LOC)', 'Jesucristo (PER)', 'Bromas (LOC)', 'Amsterdam (LOC)', 'Copenhague Berlin (LOC)', 'Aravaca (LOC)', 'Congestiones (LOC)', 'Madri (LOC)', 'Moncloa (LOC)', 'Berlín (LOC)', 'Bici Madrid (PER)', 'Cierto (LOC)', 'Quisiera (LOC)', 'Ayer (LOC)', 'Utrech (LOC)', 'Paseo Delicias (LOC)', 'Calzada (LOC)', 'Castellana (LOC)', 'Nicolás Salmerón (PER)', 'Talmente (PER)', 'M-40 (LOC)', 'Londres (LOC)', 'Manuela Carmena. (PER)', 'Haya (LOC)', 'Europa (ORG)', 'Universidades. (LOC)', 'Mauricio (LOC)', 'Salía (LOC)', 'Amsterdam Copenhague (LOC)', 'Cibeles (PER)', 'Cuanta (LOC)']"
152,"['Pensionistas (ORG)', 'ampollare (LOC)', 'Imaginaros (LOC)', 'Apoyo (PER)', 'Medio (LOC)', 'Apoyaría (PER)', 'Ayuntamiento (LOC)', '#LiberaAlSol (PER)', 'Grecia (LOC)', 'mimi (PER)', 'Bravo (PER)', 'OCDE (ORG)', 'Ciudad (LOC)', 'España (LOC)', 'Soria (LOC)', 'alemania (LOC)', 'Consistorio (PER)', 'Mira (LOC)', 'Hola (LOC)', 'Gobierno fomre (LOC)', 'Habria (LOC)', 'Municipales (LOC)', 'Gobierno España (LOC)', 'Beneficio (LOC)', 'Ikea (ORG)', 'Europa (LOC)', 'Madrid (LOC)', 'IKea Inglaterra (LOC)', 'Inem (LOC)', 'Estado (LOC)', 'vallecas (LOC)', 'Gobierno Central (ORG)', 'Comunidad Ayuntamiento (LOC)', 'Perdon (LOC)', 'Oxfam Intermon (ORG)']"
15711,"['EMVS (ORG)', 'Deje barrio (LOC)', 'Vecino Blas (PER)', 'Centro Cívico (LOC)', 'Centro Cultural (LOC)', 'amañan (PER)', 'Buenos (LOC)', 'Acabo (LOC)', 'Tercero (LOC)', 'Salud (LOC)', 'Saconia (LOC)', 'Ministerio Fomento Gobierno España (ORG)', 'Junta (PER)', 'Madrileño (ORG)', 'Comunistas Etc (ORG)', 'Sanchinarro (PER)', 'capriho tuyo (PER)', 'Carnena (PER)', 'PODEMOS (PER)', 'Blas (PER)', '¿Por (LOC)', 'Nadie (ORG)', 'Valdebebas Sport Club (ORG)', 'foro Nuevos Vecinos (LOC)', 'Aurelio (PER)', 'Pues Maria Eugenia (PER)', 'Carnicería (LOC)', 'Blas Valdebebas! (PER)', 'Tranquila (LOC)', 'Rejas Blas (PER)', 'Parque Central Valdebebas (LOC)', 'Gracias Jose Antonio (PER)', 'Respeten ley (LOC)', 'Junta (ORG)', 'Timón (LOC)', 'Étera (LOC)', 'Valdecam (LOC)', 'Administración (ORG)', 'Comunidad Madrid Cifuentes (ORG)', 'Encima (LOC)', 'Ecuador (LOC)', 'metro Barajas (LOC)', 'Proyecto Artefacto (ORG)', 'Arte-Facto (ORG)', 'Parcela Construir Artefacto (ORG)', 'Leetelo (LOC)', 'Jose (PER)', 'Begoña Villacís (PER)', 'Corrección (LOC)', 'cri (LOC)', 'Parque central (LOC)', 'Sigue (LOC)', 'Chinarro (LOC)', 'Sigues (LOC)', 'Joyfe (LOC)', 'Junta Compensación (PER)', 'Ayuntamiento Valdebebas 2015 Ayuntamiento (LOC)', 'logos1987 (LOC)', 'Centro (LOC)', 'Maricarmen (PER)', 'Carmena (PER)', 'Distrito (LOC)', 'Constructoras (PER)', 'Aurelito (PER)', 'Reichel (PER)', 'María Ingenua? (PER)', 'Stop ARTEfacto Valdebebas (ORG)', 'Edificio Verde Valdebebas (LOC)', 'Sufragada (LOC)', 'Ayuntamiento (LOC)', 'Unión Soviética (ORG)', 'Trump (PER)', 'Escasas viviendas Valdebebas (LOC)', 'Cuarto (LOC)', 'Ayuntamiento Madrid (PER)', 'renfe (ORG)', 'callare (LOC)', 'Fachas (LOC)', 'María (LOC)', 'marquesinasindigna (PER)', 'Hacer (LOC)', 'Carmena Maestre (PER)', 'Biblioteca (LOC)', 'distrito Barajas (LOC)', 'Ole (PER)', 'España (LOC)', 'Ayuntamiento Madrid (ORG)', 'Valdecam (PER)', 'Carmena (LOC)', 'María Eugenia (PER)', 'Ayto (LOC)', 'Valdebebas Hortaleza (LOC)', 'Pego (LOC)', 'Comunidad Madrid Ayuntamiento (LOC)', 'cabríais (LOC)', '¿Por (ORG)', 'Rejas (LOC)', 'Valdebabas (LOC)', 'Plan Alquila (LOC)', 'Haré (PER)', 'Madrid Valdebebas (LOC)', 'Conde Horgaz (PER)', 'Valdebebas Carcavas (LOC)', 'Venezuela (LOC)', 'Señora Carmena (PER)', 'MarySlim (PER)', 'Madrid (LOC)', 'China (LOC)', 'PAUs Norte (LOC)', 'ARTEfacto Blas (PER)', 'Euros (ORG)', 'Conde Orgaz (PER)', 'Gracias (PER)', 'Aurelito (LOC)', 'Valdefuentes (LOC)', 'Ayuntamiento Madrid (LOC)', 'Hola. (LOC)', 'Dejo (LOC)', 'Cri (PER)', 'Barajas Hortaleza (LOC)', 'Ningúna (LOC)', 'Saenz Oriza (PER)', 'Stop Artefacto (ORG)', 'Razonar (PER)', 'Movilízate (LOC)', 'canijo pueril muchachín! (PER)', 'Rejas (PER)', 'Fondo Equilibrio Territorial (ORG)', 'Unió Soviética (ORG)', 'María (PER)', 'Maria Eugenia (PER)', 'Colegio (LOC)', 'Centro Salud (ORG)', 'Asociación (ORG)', 'Valdecam parcelas (LOC)', 'Venga (ORG)', 'Plantearos (PER)', 'Mentira (PER)', 'Bah (LOC)', 'Hombre Aurelio (PER)', 'Arengas (PER)', 'Peleáremos (LOC)', 'Millones Euros (ORG)', 'Artefacto Valdebebas (PER)', 'plaza españa (LOC)', 'Fernando (PER)', 'ArteFacto (ORG)', 'Asociación Vecinos Valdebebas (ORG)', 'Espe (LOC)', 'Deberías (PER)', 'Ayuntamiento (PER)', 'Buenos días (LOC)', 'Consistorio (PER)', 'parque Felipe (LOC)', 'Perdón (PER)', 'Vale (ORG)', 'Centro Salud (LOC)', 'Plenilunio (LOC)', 'Segundo (PER)', 'Enajenar (LOC)', 'Solicitar Comunidad Madrid (LOC)', 'Felipe (PER)', 'Etc (LOC)', 'Exacto (ORG)', 'Valdezarza (LOC)', 'PSOE (ORG)', 'Hortaleza (LOC)', 'partido popular (ORG)', 'Edmás (PER)', 'Guardería (LOC)', 'Bochornoso (LOC)', 'Teneis (LOC)', 'Primero (LOC)', 'Señora Carmena (LOC)', 'Asociación Vecinos (LOC)', 'Pista (LOC)', 'Cárcavas (LOC)', 'Propongo (LOC)', 'Plan Urbanismo (ORG)', 'Estimada Eugenia (PER)', 'Apoyadnos Hola (LOC)', 'Viva Libertad (PER)', 'Podemos (PER)', 'Carlos Slim (PER)', 'Lavandería (LOC)', 'Valdebebas (LOC)', 'Fantástico (LOC)', 'Escorial (LOC)', 'Cifuentes (PER)', 'Espero (LOC)', 'Ayuntamiento Botella (LOC)', 'Saludos (LOC)', 'distrito Hortaleza (LOC)', 'Ale (ORG)', 'Espera (LOC)', 'Mera (LOC)', 'Plan (ORG)', 'Cantina (LOC)', 'Pais (LOC)', 'Cazurro Vendido Podemos? (PER)', 'Forbes (ORG)', 'Gracias (LOC)', 'Valdebobos (LOC)', 'Madrid Socialistas (ORG)', 'Ayuntamiento Comunidad (ORG)', 'Empezad (PER)', 'Estais (LOC)', 'Pais (ORG)', 'distrito hortaleza (LOC)', 'confio escuche (PER)', 'Noticia Valdebebas (PER)', 'Tribunal Superior Justicia (ORG)', 'Aurelio Vidriera (PER)', 'Barajas (LOC)', 'Jose Antonio culaquier (PER)', 'Stop (ORG)', 'Bonaparte (PER)', 'Comunidad Madrid (ORG)', 'Atefacto Blas. (PER)', 'Stop Artefacto Valdebebas (ORG)', 'bloqueasteis (PER)', 'Comunidad Madrid (LOC)', 'Parque Central (LOC)', 'Apoyo Asociación (ORG)', 'Instituto (LOC)', 'Obviais (PER)', 'Eixample Barcelona (LOC)', 'Gracias País (ORG)', 'Barrio (LOC)', 'Cito (PER)', 'StopArtefacto (ORG)', 'Igualitos (PER)', 'PabLenin (LOC)', 'Sra. Botella (PER)', 'calles (PER)', 'Google (ORG)', 'Junta Compensación (ORG)', 'Despropósitos (PER)', 'Llevais (LOC)', 'Bajada general Ahora (LOC)', 'Jajajjaja (PER)', 'Junta Compensación Primero (PER)', 'Pablo Iglesias (PER)', 'Valdezarza Moncloa-Aravaca (LOC)', 'Henrik (PER)', 'Manuela Carmena (PER)', 'Cuanta (LOC)', 'irpf (LOC)', 'Centro Comercial (LOC)']"
15970,"['Chapas (PER)', 'Rehumanizando Humano (PER)', 'Londres (LOC)']"
15978,"['Madre (PER)', 'Vayan (LOC)', 'Aeropuerto (LOC)', 'Salía (PER)', 'Paco Martínez Soria (PER)', 'Jorge (PER)']"
15996,"['Invito (LOC)', 'Edificio Bambú (LOC)', 'Buenos (LOC)', 'Martin (PER)', 'Federación Regional Asociaciones Vecinales Madrid (ORG)', 'Estación ODonnel Mejora (LOC)', 'Metro (LOC)', 'Llevo (LOC)', 'Polígono Mercedes (LOC)', 'Experimentos (PER)', 'Blas (PER)', 'Foro Local (LOC)', 'Estación ODonell (LOC)', 'Iros Valdebebas (ORG)', 'Royal Institute British Architects (ORG)', 'Apoyada (LOC)', 'sanblascanillejas (LOC)', 'Vecina Valdebebas (PER)', 'Rejas barrio (LOC)', 'barrio Rejas (LOC)', 'Blas Rejas (PER)', 'Étera (LOC)', 'Salvador (LOC)', 'Comunidad Madrid Cifuentes (ORG)', 'Páremos (PER)', 'Parques Jardines (LOC)', 'Apoyadnos (LOC)', 'Barrio Salamanca (LOC)', 'Clasismo (LOC)', 'Rita Maestre (PER)', 'Stop ARTEfacto Blas (ORG)', 'Leroy Merlin (PER)', 'Cuba (LOC)', 'Mercedes (LOC)', 'Vallecas (LOC)', 'Distrito (LOC)', 'Artefacto Blas (PER)', 'Ramón Cajal metro (PER)', 'Junta Distrito (ORG)', 'Rejas Mercedes (PER)', 'Ayuntamiento (LOC)', 'quito (LOC)', 'Necesitamos (LOC)', 'Arte Facto (LOC)', 'Donald Trump (PER)', 'Gobiernen (PER)', '¿Personas (LOC)', 'barrio Mercedes (LOC)', 'Comunidad AAVV (ORG)', 'Comunidad Autónoma caso Central (ORG)', 'Centro Comercial Plenilunio (LOC)', 'Col. (LOC)', 'Exacto Rafa (ORG)', 'blas (LOC)', 'Barrio Rejas (LOC)', 'Blas Valdebebas (PER)', 'Rejas (LOC)', 'Segundo Teniente (PER)', 'Junta Municipal Blas (LOC)', 'Colonia Semana (LOC)', 'Apoyad (PER)', 'Distrito Barajas (LOC)', 'metro Cañada real Pozuelo (LOC)', 'Madrid (LOC)', 'Vivo Valdebebas (LOC)', 'ARTEfacto Blas (PER)', 'Marta (PER)', 'Primo (PER)', 'Conde Orgaz (PER)', 'Gracias (PER)', 'Isaías (PER)', 'Odonnell (LOC)', 'Votado (LOC)', 'Puerta Arganda Vicálvaro (LOC)', 'Aramayona (LOC)', 'Sra. Carmena (PER)', 'Foroslocales@gmail (LOC)', 'Foro Local (ORG)', 'Rejas (PER)', 'Pásate (PER)', 'Carabanchel (LOC)', 'Colegio (LOC)', 'ArteFacto (ORG)', 'Apoyadnos (PER)', 'Clasismo (PER)', 'Buenos días (LOC)', 'Bueno (PER)', 'proyéctese (PER)', 'Colindantes (PER)', 'metro Blas (LOC)', 'Goya (LOC)', 'Plenilunio (LOC)', 'PSOE (ORG)', 'Bauhaus (ORG)', 'Apoyadnos Apoyo total Valdebebas Rejas! (LOC)', 'Leroy Merlyn (PER)', 'Señora Carmera (LOC)', 'Reabrir (LOC)', 'leroy merlin (PER)', 'Centro Salud Rejas (LOC)', 'Canillejas Vicalvaro (LOC)', 'Podemos (PER)', 'América (LOC)', 'Madrid Queria (ORG)', 'Valdebebas (LOC)', 'Colegio Instituto Centro Salud amplíe Ambulatorio (ORG)', 'Cercanías (LOC)', 'estadio Wanda Metropolitano (LOC)', 'Comunidad Ayuntamiento (ORG)', 'Señora Concejala (LOC)', 'decrepita progre-pija (PER)', 'Simancas (LOC)', 'Puestos (PER)', 'Pinar Mercedes Ferrovial (ORG)', 'Insisto (PER)', 'Quedo (PER)', 'Bauhaus Leroy Merlin (ORG)', 'Avenida Machupichu (LOC)', 'Machupichu (LOC)', 'Stop (ORG)', 'Villaverde Carabanchel (LOC)', 'Instituto (LOC)', 'distrito Blas-Canillejas (LOC)', 'Odonell (LOC)', 'Consorcio regional Transportes (ORG)', 'Dotación Instalaciones (LOC)', 'almendra (ORG)', 'Barrio (LOC)', 'Pues (LOC)', 'Avenida Guadalajra (LOC)', 'M-40 (LOC)', 'Patricia (PER)', 'Stop ARTEfacto blas stop ARTEfacto (ORG)', 'Asociaciones (ORG)', 'Mercedes (PER)', 'Vicalvaro (LOC)']"
1824,"['Alcampo Vaguada (ORG)', 'Apoyo (PER)', 'Elander (PER)', 'Marques Vadillo (LOC)', 'Munich (LOC)', 'Finlandia (LOC)', 'Universidad Alcalá Henares Universidad Politécnica Madrid (ORG)', 'Holanda (LOC)', 'España (ORG)', 'Pido (PER)', 'Gracias (LOC)', 'España (LOC)', 'Noruega (LOC)', 'Dinamarca (LOC)', 'Oktoberfest (LOC)', 'Deutsche Umwelthilfe (ORG)', 'Hola (LOC)', 'Dinamarca Alemania (ORG)', 'Suecia (LOC)', 'Votad (LOC)', 'Suiza (LOC)', 'Maria Elander (PER)', 'Europa (LOC)', 'Pfand (LOC)', 'Madrid (LOC)', 'Alemania (LOC)', 'Hooy (PER)', 'Maquinas (LOC)', 'Gracias (PER)', 'País (LOC)', 'Manuela Carmena (PER)', 'Países Bajos (LOC)']"
1863,"['Partido Popular (ORG)', 'Aznar (PER)', 'Retiro (LOC)', 'Alfonso (PER)', 'Botella (PER)', 'parque Retiro (LOC)', 'Agrupación Artistas Retiro (ORG)', 'Tambores Parque Retiro (LOC)', 'Irak (LOC)', 'Menendez Pelayo (PER)', 'África (LOC)', 'Siiii (PER)', 'Junta Directiva (ORG)', 'Luisa (PER)', 'parque grande (LOC)', 'Sra. Botella (PER)', 'YPsana (ORG)', 'Madrid (LOC)', 'Buff (LOC)', 'Parque Retiro (LOC)', 'Francisco paco Sanabria Fernández (PER)', 'Metal (ORG)', 'Fdo (PER)', 'peña mostoles (PER)']"
19,"['Campo Moro Explanada Almudena (LOC)', 'Moro (PER)', 'Manzanares Casa campo (LOC)', 'Jardines Campo Moro Plaza Armeria Jardines Sabatini (LOC)', 'Oeste (LOC)', 'Metro (LOC)', 'Vicente (PER)', 'Grecia (LOC)', 'Zamuntx (LOC)', 'Nacional (LOC)', 'Puerta Toledo Alcalá (LOC)', 'OCDE (ORG)', 'Plaza España (LOC)', 'Plaza España Gran (LOC)', 'España (LOC)', 'Madrid Río (LOC)', 'Casa campo (LOC)', 'Portugal (LOC)', 'Cuesta Vicente (PER)', 'Avda (LOC)', 'Madrid Rio (LOC)', 'Pirámides (LOC)', 'Cuesta Vicente (LOC)', 'Renfe (ORG)', 'Segovia (LOC)', 'Viciente (PER)', 'Madrid Casa Campo (LOC)', 'Puerta Vicente (LOC)', 'túnel Bailén (LOC)', 'Casa Campo Madrid Rio (LOC)', 'Extremadura (LOC)', 'Ferraz (LOC)', 'Europa (LOC)', 'Madrid (LOC)', 'Príncipe Plaza España (LOC)', 'M-30 (LOC)', 'Centro (LOC)', 'Madrileños (LOC)', 'Campo Moro (LOC)', 'Casa Campo (LOC)', 'Oxfam Intermon (ORG)', 'Campo Moro Templo Debod (LOC)', 'María Molina (PER)']"
19024,"['Sanchinarro (LOC)', 'Penoso (LOC)', 'Ensucia (LOC)', 'Ayuntamiento (LOC)', 'Inés Sabanés (PER)', 'Manuela Carmena Yolanda Rodríguez (PER)', 'Plan General Planes Parciales (PER)', 'Hola Dejo (LOC)', 'Carabanchel (LOC)', 'Valdemingomez (PER)', 'Sanchinarro (PER)', 'Ayuntamiento Sanchinarro (LOC)', 'Nefasto (ORG)', 'Vecinos (PER)', 'Fuerzas Armadas (ORG)', 'Ines Sabanes Carmena (PER)', 'Villaverde (PER)', 'Sanchinarro Valdebebas (PER)', 'Inés Sabanes (PER)', 'Decirte (PER)', 'Puestos (PER)', 'Barrios (PER)', 'Menuda (LOC)', 'Barajas (LOC)', 'Solucioned (PER)', 'Aiinnssss (ORG)', 'Calles Avenidas (PER)', 'Osea (LOC)', 'Calles (PER)', 'Vecinos (LOC)', 'Medio Ambiente (LOC)', 'Madrid (LOC)', 'Sabes Gallardón (PER)', 'Villaverde (LOC)', 'Movilicémonos (LOC)', 'Manuela Inés (PER)', 'Reduce (LOC)', 'paralizarón (PER)', 'Madrileños (LOC)', 'Vallecas (LOC)', 'Gracias (PER)', 'Vtglez (LOC)', 'Valdebebas (LOC)', 'Ayuntamiento Madrid (LOC)']"
19170,"['EEUU (LOC)', 'Disforia Género (LOC)', 'alegro vaya (PER)', 'Yola (PER)', 'California (LOC)', 'Usted (PER)', 'Hola (LOC)', 'Seg. (ORG)', 'Churras Merinas (PER)']"
1918,"['Ramón Maynou Ferreres (PER)', 'Congreso Diputados (ORG)', 'Solo (PER)', 'Victor (PER)', 'Botella (PER)', 'Art.107 (PER)', 'Legislador (PER)', 'Fajardo (PER)', 'España (LOC)', 'Iglesia mundo (ORG)', 'Gobierno reseña (ORG)', 'Plusvalía (PER)', 'Comunidad Madrid (ORG)', 'Botella (LOC)', 'Aranzadi (LOC)', 'José María García Royo (PER)', 'Senado (ORG)', 'Gallardón (PER)', 'Obiter (PER)', 'Pues (LOC)', 'Bliblioteca Nacional (LOC)', 'Madrid (LOC)', 'IIVTNU (LOC)', 'Permíteme (ORG)', 'Fajardo Spínola (PER)', 'Toruzz (PER)', 'Art (LOC)', 'Ayuntamiento Madrid (LOC)', 'Defensor Pueblo (ORG)']"
1937,"['Ordenanza (LOC)', 'Madrid (LOC)', 'Martín (PER)']"
19853,"['Seguría (LOC)', 'Arturo Soria Pablo Neruda (PER)', 'estadio Atletico Madrid (LOC)', 'Metro (LOC)', 'Puente Franceses Ermita Antonio Florida (LOC)', 'Glorieta Santa María Cabeza (LOC)', 'Madrid Río (LOC)', 'Moratalaz (LOC)', 'Sinesio Delgado (PER)', 'Comillas Madrid (LOC)', 'Madrid Este (LOC)', 'Isla Alegranza (LOC)', 'Cercanías Renfe (LOC)', 'Príncipe Pío (PER)', 'Hospital Carlos (LOC)', 'Linea Puente Praga (LOC)', 'Paseo Yeserías (LOC)', 'M-30 (LOC)', 'Hermanos García Noblejas (PER)', 'Barrio Pilar (LOC)', 'Asamblea Madrid (ORG)', 'Méndez Álvaro (PER)', 'Avenida Doctor García Tapia (LOC)', 'Continuará glorieta Pirámides (LOC)', 'Avenida Buenos Aires (LOC)', 'García Noblejas Ciudad Lineal (LOC)', 'Segovia (LOC)', 'Arganzuela Entrevías (LOC)', 'Ciudad Universitaria (LOC)', 'Wanda Metropolitano (PER)', 'Madrid (LOC)', 'Chamartín (LOC)', 'Ciudad Univesitaria (LOC)', 'Bajo calle Santa María (LOC)', 'Ayuntamiento Madrid (LOC)', 'Calle Martín Fierro (PER)', 'Arturo Soria (PER)', 'Consejo Superior Deportes (ORG)', 'Diego (PER)', 'Paraninfo (LOC)', 'Pavones (LOC)', 'Carlos (PER)', 'Imperial Ronda (LOC)', 'Alsalcia (LOC)', 'Portugalete (LOC)', 'calle Murcia (LOC)', 'López Otero (PER)', 'Después (LOC)', 'Pablo Neruda (PER)', 'Valdezarza (LOC)', 'calle Norte (LOC)', 'Alsacia (LOC)', 'Avenida Valladolid (LOC)', 'Arcos Jalón (LOC)', 'Atocha (LOC)', 'Intercambiador Príncipe Pío (LOC)', 'Castilla Universitaria (LOC)', 'Parque Atenas (LOC)', 'barrio Castilla (LOC)', 'Imperial (LOC)', 'Betanzos (LOC)', 'Suerte (LOC)', 'Dehesa Villa (LOC)', 'Costa Rica (LOC)', 'Comercio Intercambiador Méndez Álvaro (LOC)', 'Paseo Florida (LOC)', 'Comunidad Madrid (LOC)', 'Artilleros (LOC)', 'Cerro (LOC)', 'Buenos Aires (LOC)', 'Seguría (PER)', 'puente Vallecas (LOC)', 'Alto Arenal (LOC)', 'm30 (LOC)', 'Universidad (ORG)', 'Santa María Cabeza (PER)', 'Entrevías (LOC)']"
19914,"['Incineradora Valdemingómez (LOC)', 'Espero (LOC)', 'Ayuntamiento (LOC)', 'Apoyaría (PER)', 'Ensanche (LOC)', 'rivas (LOC)', 'Madrid-Barsa (LOC)', 'Incineradora (PER)', 'Seguiré (LOC)', 'Valdemingomez (PER)', 'Ensanche Vallecas (LOC)', 'Pardo (PER)', 'Traed (LOC)', 'Llevo (LOC)', 'dude (PER)', 'Moraleja (LOC)', 'Suerte (LOC)', 'Juzgado. (ORG)', 'EQUO (ORG)', 'Mediterráneo (LOC)', 'Convenced (LOC)', 'Theguardian (LOC)', 'España (LOC)', 'Ayuntamiento Madrid (ORG)', 'Centro Comercial. (LOC)', 'Valdemingomez (LOC)', 'Ayuntamiento (PER)', 'Rivas (LOC)', 'Majadahonda (LOC)', 'Lomas Parque Tecnológico Valdemingómez (LOC)', 'Rivas (PER)', 'Hola (LOC)', 'Getafe (LOC)', 'MercaMadrid (LOC)', 'Barcelona (LOC)', 'Valdebernardo (LOC)', 'Francia (LOC)', 'Villa Vallecas (LOC)', 'Vicálvaro (LOC)', 'Asociaciones Vecinales (ORG)', 'Colmenar (PER)', 'Alaldesa Colau (PER)', 'Incineradoras (PER)', 'Comisaría (LOC)', 'Fdo (LOC)', 'Vennete (PER)', 'Entrevías (LOC)', 'Síndrome Tóxico (PER)', 'Parlamento Europeo (ORG)', 'Europa (LOC)', 'Rivas VaciaMadrid (PER)', 'Com (LOC)', 'Perales Río (LOC)', 'Rivas Centro (LOC)', 'Madrid (LOC)', 'Incineradora Valdemingomez (PER)', 'Unión Europea Valdemingómez (ORG)', 'Madrid Madrid (ORG)', 'Villaverde (LOC)', 'Basta Buscar (PER)', 'Puente Vallecas (LOC)', 'Valdemingómez (LOC)', 'Tablas Sanchinarro (LOC)', 'Hartos (PER)', 'Abastos Madrid (LOC)', 'Vallecas (LOC)', 'Carmena (PER)', 'Gracias (PER)', 'Deberíais (PER)', 'Campos (LOC)', 'Vademingomez (PER)', 'Hodgkin (PER)', 'Zona Aravaca (LOC)', 'Salud (ORG)', 'Cuanta (LOC)', 'Pozuelo (LOC)']"
20389,"['Aceras (LOC)', 'Gran Alcalá (LOC)', 'Madrid (ORG)', 'Dejad (PER)', 'Democracia Participativa (ORG)', 'Fuencarral (LOC)', 'distrito Moratalaz (LOC)', 'Hacer Madrid (PER)', 'Calle M-30 (LOC)', 'Llevo (LOC)', 'Ajardinar jardines Moratalaz (PER)', 'Entrevías (PER)', 'Caravaca (LOC)', 'Ciudad (LOC)', 'Tokio (LOC)', 'Dirección General (ORG)', 'Moratalaz (LOC)', 'C (LOC)', 'Sobretodo (LOC)', 'Florida (LOC)', 'Pufff (LOC)', 'Paseo Habana (LOC)', 'Madrileños (PER)', 'Faunas Naturales Autóctonos (LOC)', 'M30 (LOC)', 'Hola (LOC)', 'Piscina Miami (LOC)', 'Españoles (LOC)', 'Vuelvo (LOC)', 'EEUU (LOC)', 'Círculo Bellas Artes (ORG)', 'Santa Maria (LOC)', 'Distrito Puente Vallecas (LOC)', 'Estupendo (LOC)', 'Carretas (LOC)', 'Parques Jardines (LOC)', 'calle (PER)', 'Tierra (LOC)', 'Carolina (ORG)', 'Canillas (LOC)', 'M-30 (LOC)', 'Manzanares Puente Franceses Puente Reina Victoria (LOC)', 'Virgilia Hortaleza (PER)', 'parque Cuña Verde ODonnell (LOC)', 'Vallecas (LOC)', 'Gracias Ayuntamiento (LOC)', 'Carmena (PER)', 'Distrito (LOC)', 'Todloslo (PER)', 'Madrid Castilla (LOC)', 'Fundamental (LOC)', 'Reforestar (PER)', 'López Ibor (PER)', 'Lucero Batán (PER)', 'Europeas (LOC)', 'Ayuntamiento (LOC)', 'Sra. Sabanes (PER)', 'Málaga (LOC)', 'Inés Sabanés (PER)', 'Calle Lavapíes (LOC)', 'Roma (LOC)', 'Medio Ambiente Botella (LOC)', 'Centro Madrid (LOC)', 'Entrevias (PER)', 'Rafael (PER)', 'Puerta (PER)', 'Arborización (PER)', 'vallecas calles (LOC)', 'Monte Pardo (LOC)', 'Alcorisa (LOC)', 'opino (PER)', 'Multitud (LOC)', 'NASA (ORG)', 'Ilustracción (LOC)', 'España (LOC)', 'Nuva York (LOC)', 'Carmena (LOC)', 'Buenos días (ORG)', 'parque Cuña verde (LOC)', 'Coronales Alameda Osuna (PER)', 'Natural (LOC)', 'airbus (ORG)', 'Tanta ciberestupidez normal (LOC)', 'Iglesia (ORG)', 'Respuesta (PER)', 'Pamplona (LOC)', 'Aplíquese Sra. Sabanés (PER)', 'Andrés Mellado (PER)', 'Latina Paseo Extremadura (LOC)', 'Esque (PER)', 'Penosa (LOC)', 'Instituto Tecnología Massachusetts Madrid (ORG)', 'Anda (PER)', 'Madrid (LOC)', 'China (LOC)', 'Villaverde (LOC)', 'Plantan (PER)', 'Puente Vallecas (LOC)', 'Veraz (LOC)', 'barrio Ventas (LOC)', 'Madrileños (LOC)', 'Juan Carlos Val (PER)', 'Gracias (PER)', 'Pasear Madrid (LOC)', 'Basta (PER)', 'Lavapiés (LOC)', 'Colonia Manzanares (LOC)', 'Teruel Entrevías (LOC)', 'Plaza Lavapiés. (LOC)', 'Referendum (PER)', 'Mendez Alvaro (PER)', 'Perdona Mauricio (LOC)', 'Aire frio sano sierra (LOC)', 'Avenida Democracia (LOC)', 'Avenida Talgo (LOC)', 'Plantarán (LOC)', 'Buenos días (LOC)', 'Ayuntamiento (PER)', 'Perdón (PER)', 'Mira (LOC)', 'Arboles (PER)', 'plaza Aluche (LOC)', 'Ribera Manzanares Puente Puente Franceses (LOC)', 'Anicero Marinas (LOC)', 'Parquecillo (PER)', 'Alvarez Manzano (PER)', 'Barrio Concepción (LOC)', 'Talan (LOC)', 'Boston Guindalera- (ORG)', 'Suecia (LOC)', 'Etc (LOC)', 'Puerta Ángel (LOC)', 'Vallehermoso (LOC)', 'Listo (PER)', 'Metelo (PER)', 'Europa (LOC)', 'Alcalá Gran (LOC)', 'Higueras (LOC)', 'Gracias Antonio (PER)', 'Gran Callao (LOC)', 'Treepedia (LOC)', 'Adelante (PER)', 'Valdebebas (LOC)', 'Sugerencia (LOC)', 'Vengo (LOC)', 'Espero (LOC)', 'Ciudadanos (ORG)', 'Apoyo (PER)', 'distrito Hortaleza (LOC)', 'Vivo Hortaleza (LOC)', 'Medio-Ambiente (PER)', 'Ayuntamiento barrio (LOC)', 'Santa Virgilia (LOC)', 'Paseo Olivos Latina (LOC)', 'parque Cruces (LOC)', 'Antonio (PER)', 'Cruz Blanco (PER)', 'Arenales (PER)', 'Retiro (LOC)', 'Gregorio Peces Barba (PER)', 'Verde Gasolina (PER)', 'Después arboricida Gallardon (PER)', 'Arborea (LOC)', 'Batán (LOC)', 'Gracias (LOC)', 'Ayuntamiento Verde (LOC)', 'Ayala Parque Oeste (LOC)', 'Dicen (LOC)', 'barrio Lavapiés (LOC)', 'Odioa (PER)', 'AZCA (LOC)', 'Sol (LOC)', 'Plaza Arturo Barea (LOC)', 'Edwin (PER)', 'Parque cuña verde Latina (LOC)', 'Aluche (LOC)', 'Malagón (LOC)', 'Salamanca (LOC)', 'Castellana (LOC)', 'M-40 (LOC)', 'Sra. Botella (PER)', 'Heather (PER)', 'Montreal Quebec (LOC)', 'Madrid Sembrar (ORG)', 'Hola! (LOC)', 'vallecas (LOC)', 'Rojas (PER)', 'Buenos (LOC)', 'Motosierra (LOC)']"
20657,"['Acabo (LOC)', 'Zofío Pradolongo (LOC)', 'Vecinxs (LOC)', 'Tirso Molina (PER)', 'Santiago (LOC)', 'Zangolotino (LOC)', 'Harta (PER)', 'gentrificado (LOC)', 'Bilbao (LOC)', 'Ssssss (LOC)', 'Blas (PER)', 'Baleares (LOC)', 'booking (ORG)', 'Fondos (ORG)', 'Málaga Malagón (LOC)', 'Antón Martín Lavapies (PER)', 'Hola (LOC)', 'turistización (LOC)', 'Junta (ORG)', 'Étera (LOC)', 'Enhorabuena (PER)', 'Olavide (LOC)', 'barrio Pilar (LOC)', 'Europea (LOC)', 'Tooooma (ORG)', 'M-30 (LOC)', 'AIRBNB (ORG)', 'Centro (LOC)', 'Concejal Distrito (LOC)', 'Carmena (PER)', 'Sigan (LOC)', 'Comunidad vVecinos Santiago (ORG)', 'Preciados Carmen (PER)', 'Barrio Pilar (LOC)', 'Ciudad Lineal (LOC)', 'Comunidades Propietarios (LOC)', 'Ayuntamiento (LOC)', 'miraré encantado (PER)', 'Mira (PER)', 'Usted (PER)', 'parque temático gentrificado (LOC)', 'Harta (LOC)', 'M-50 (LOC)', 'Julián Camarillo Blas (PER)', 'Prohiban (LOC)', 'España (LOC)', 'Airbnb (ORG)', 'Empresarios Hoteles=Empresarios (ORG)', 'Fuenlabrada (LOC)', 'Hotel Hostal (LOC)', 'Basilica Atocha (LOC)', 'BBVA (ORG)', 'Urge (PER)', 'Madrid (LOC)', 'China (LOC)', 'calle trabao (PER)', 'Hacienda (PER)', 'Puente Vallecas (LOC)', 'Gracias (PER)', 'Barcelona (LOC)', 'Lavapiés (LOC)', 'Seguro (LOC)', 'Empiezas (PER)', 'Partimos (LOC)', 'CNMV (ORG)', 'Jerónimo Sol (PER)', 'Vivo Puente Vallecas (LOC)', 'Lavapies (LOC)', 'Moscardó (LOC)', 'Quevedo Chamberí (PER)', 'Ayuntamiento (PER)', 'Europa Occidental (LOC)', 'Mandy (PER)', 'Dile (LOC)', 'llamo bichos (PER)', 'Aibnb (ORG)', 'Valencia Sevilla (PER)', 'Tetuán (LOC)', 'Sebastian (PER)', 'Santiago Conde Lemos (PER)', 'Regulen (LOC)', 'Apoyo (PER)', 'Espero (LOC)', 'Ciudadanos (ORG)', 'Apoyo Iniciativa Ciudades humanas vivibles (ORG)', 'Pura (LOC)', 'Retiro (LOC)', 'Venecia (LOC)', 'Chamberí (LOC)', 'Sol (LOC)', 'Usera (LOC)', 'Moratoria (LOC)', 'Hacienda Pública (PER)', 'Belmonte (LOC)', 'Malasaña (LOC)', 'Carabanchel Latina (LOC)', 'Castellana (LOC)', 'Victor Manuel (PER)', 'M-40 (LOC)', 'Jorge García Castaños (PER)', 'Dejaria (LOC)', 'Real Observatorio Reina Cristina (LOC)', 'Cierran (LOC)', 'Constitución (LOC)', 'Regulación (LOC)', 'Nueva Numancia (LOC)', 'Palacio (LOC)']"
21171,"['Madrid (LOC)', 'Circulo (ORG)', 'Inés Sabanés (PER)', 'Mobilidad (PER)', 'Molestan (LOC)', 'mira abajo (PER)', 'parks (PER)', 'Manuela Carmena (PER)', 'Utilizo (LOC)', 'Ayuntamiento Madrid (LOC)']"
2121,"['Madrid (LOC)', 'Betados (LOC)', 'Hola Adlir (ORG)', 'Apoyo (PER)', 'veterinarixs (PER)', 'Hola Maria (PER)', 'Disculpeme (PER)', 'Hola Tteleda (PER)', 'María (PER)', 'Hola Bibi (PER)', 'Hola Mimi (PER)']"
2135,"['Inés Sabanés (PER)', 'Eólica (LOC)', 'Carbón (LOC)', 'Aumento (LOC)', 'Continuación (LOC)', 'CRTM (ORG)', 'Aparcar (LOC)', 'metro renfe (LOC)', 'Inicio/Ayuntamiento/Hacienda/Portal-del-Contribuyente (LOC)', 'Plaza España (LOC)', 'Hidraúlica (PER)', 'España (LOC)', 'Ópera (ORG)', 'Nuclear (LOC)', '//www (LOC)', 'Zapatero (PER)', 'Solar Térmica Renovable Datos Eléctrica Española (LOC)', 'Snke (PER)', 'Distrito Tetuán (LOC)', 'Arenal (LOC)', 'Ópera (LOC)', 'vehículo,10 (LOC)', 'Madrid (LOC)', 'Impuesto-sobre-Vehiculos-de-Tracción-Mecanica-%28IVTM%29 (ORG)', 'París (LOC)', 'M-30 (LOC)', 'Ayuntamiento Madrid (LOC)']"
21567,"['Gata (LOC)', 'Madrid (LOC)', 'Apoyo (PER)', 'Convivo (PER)', 'Tetuán (LOC)', 'Apoyad (PER)']"
22742,"['Sanchinarro (LOC)', 'Vallecas (ORG)', 'Apoyo (PER)', 'Ciudadanos (ORG)', 'Ampa (PER)', 'cerdaaaaaaaaaa (LOC)', 'Ayuntamiento (LOC)', 'Ensanche (LOC)', 'Fuencarral (LOC)', 'ojalá salga (PER)', 'Carabanchel (LOC)', 'Retiro (LOC)', 'hyde park (LOC)', 'Vaya (LOC)', 'Latina (LOC)', 'duarte perón manuel becerra (LOC)', 'Londres Berlin (LOC)', 'Presupuestos (PER)', 'Villaverde Alto (LOC)', 'Narváez Odonell voila Retiro (PER)', 'Touché (LOC)', 'calle Pilar Zaragoza (LOC)', 'Prefiero (PER)', 'Normativas (LOC)', 'Moratalaz (LOC)', 'Junta Municipal Hortaleza (LOC)', 'Juvenil (LOC)', 'Alcántara Alcalá (LOC)', 'Voté (PER)', 'Muchísimas famílias (PER)', 'Hola (LOC)', 'calle alcántara debajo puerta (LOC)', 'difundí (PER)', 'Hola (ORG)', 'Miguel Ángel mami Guindalera (PER)', 'Redfield (PER)', 'Aluche (LOC)', 'Berlín (LOC)', 'Enhorabuena (PER)', 'Guindalera (PER)', 'Hecho (LOC)', 'AMPAs (PER)', 'Leganés Móstoles (LOC)', 'Berlín Londres (LOC)', 'Federico Grases Aliseda distrito Carabanchel (PER)', 'Europa (LOC)', 'Ginebra (LOC)', 'Londres (LOC)', 'Madrid (LOC)', 'chavi (PER)', 'fuencarral Pardo (LOC)', 'Ponte (LOC)', 'Dublín Boston (LOC)', 'felipe (PER)', 'AmPA (LOC)', 'Centro (LOC)', 'Felipe Jardines Gregorio Ordóñez (PER)', 'Hacía (PER)', 'vallecas (LOC)', 'Vallecas (LOC)', 'Tetuán (LOC)', 'Gracias (PER)', 'Ojalá (LOC)', 'retiro (LOC)', 'Boston (LOC)', 'tempelhof (ORG)', 'parque fuente berro (LOC)', 'Votado (LOC)']"
23131,"['Madrid (LOC)', 'Arriesgo (PER)', 'Ayuntamiento (LOC)', 'Discrepo (PER)', 'Tenerife (LOC)', 'Ojalá Ayuntamiento (LOC)', 'Ojalá (PER)', 'Mejoráremos (LOC)', 'Max (PER)', 'Disminuiremos (LOC)', 'Holanda (LOC)', 'Amsterdam (LOC)', 'Ayun (LOC)']"
23219,"['parque Naciones (LOC)', 'Manzanares (PER)', 'Puerta Hierro (LOC)', 'Platón (PER)', 'Siguen (PER)', 'Gavia (LOC)', 'Ecologistas Acción (ORG)', 'Flipo (PER)', 'Naturalizar (LOC)', 'Puente Segovia (LOC)', 'embalse Santillana Atazar (LOC)', 'puente Manzanares (LOC)', 'Palomas (LOC)', 'Madrid Río (LOC)', 'manzanares (PER)', 'Casa Campo Juan Carlos. (LOC)', 'Santillana Pardo (LOC)', 'Halcones (ORG)', 'Fauna (LOC)', 'Thailandia (LOC)', 'M-30 (LOC)', 'Sur (LOC)', 'Acercaros (LOC)', '¿Huelen (LOC)', 'Ayuntamiento (LOC)', 'Juan Jose (PER)', 'Manzanares (LOC)', 'Pantano Juan (LOC)', 'Concentración Manzanares (ORG)', 'Ole (PER)', 'Pradolongo Tolerantes (PER)', 'gallardon (LOC)', 'España (LOC)', '¿Qué enterrar río? (LOC)', 'orandum mens sana corpore sano (ORG)', 'Desconocimiento (PER)', 'Campo Naciones (LOC)', 'Manzanares Pardo (LOC)', 'Pasarela Puente Princesa (PER)', 'Caja Mágica (LOC)', 'Madrid (LOC)', 'China (LOC)', 'Villaverde (LOC)', 'Madrileños (LOC)', 'Mosquitos (PER)', 'Gracias (PER)', 'lago Retiro (LOC)', 'Ayuntamiento Ecologistas Acción (ORG)', 'Gallardón (PER)', 'Refiero (PER)', 'Jarama (LOC)', 'Parque Regional Sureste (LOC)', 'Caja Mágica Perales (LOC)', 'federen gratis (PER)', 'Comunidad (ORG)', 'renaturalizar Manzanares (LOC)', 'Mira (LOC)', 'monte Pardo Parque Regional Curso Medio Manzanares (LOC)', 'Dicen (PER)', 'pantano Juan (LOC)', 'nilo cigüeñuelas (LOC)', 'Viena París (LOC)', 'legazpi (PER)', 'Hola Sllaher (PER)', 'Sociedad Ornitologica Madrid (ORG)', 'Tramo (LOC)', 'Casa Campo (LOC)', 'Espero (LOC)', 'Apoyo (PER)', 'Ciudadanos (ORG)', 'Apoyaría (PER)', 'Retiro (LOC)', 'Ayuntamiento pagina (LOC)', 'Lameneto (PER)', 'Hacedlo (PER)', 'Usera (LOC)', 'Comunidad Madrid (ORG)', 'Museo (LOC)', 'Comunidad Madrid (LOC)', 'Palomas (PER)', 'Cierto (LOC)', 'Tierno Galván (PER)', 'Victor Manuel (PER)', 'Concentración Manzanares (LOC)', 'Decide (LOC)', 'Google (ORG)', 'China Daros (LOC)', 'Legazpi (LOC)', 'Galapagar Vallecas Villa (LOC)', '¿Dónde (LOC)', 'calle suprimio (LOC)', 'Arganzuuela (LOC)']"
23704,"['Curiosas (PER)', 'Mire María (PER)', 'Ayuntamiento (LOC)', 'Comunidad (LOC)', 'Francés (PER)', 'Felix Rodriguez Fuente (PER)', 'Tomás (PER)', 'Acojona (PER)', 'Curioso (LOC)', 'Puestos (PER)', 'España (LOC)', 'valladolid (LOC)', 'Vuelvo (PER)', 'Moraleja (PER)', 'Egspaña (PER)', 'Exponerlas (PER)', 'pleitearían (PER)', 'Mínimo (PER)', 'Instituto Cinematografía Artes (LOC)', 'Willy Toledo (PER)', 'Instituto Cinematografía Artes (ORG)', 'Máss (LOC)', 'Aprovechando pisuerga (PER)', 'Libertad (LOC)', 'Franquista (ORG)', 'Anda (PER)', 'Mamas Chicho (PER)', 'Madrid (LOC)', 'Instituto Cinematografía Artes Audiovisuales (LOC)', 'Blasfemia Procesamiento (LOC)', 'Nooooooooo (LOC)', 'Torquemadas (PER)', 'Goscinny Uderzo (PER)', 'Ains (PER)', 'Venom (PER)', 'Ayuntamiento Madrid (LOC)', 'Dependa (LOC)']"
2412,"['Ayuntamiento (LOC)', 'Aguire Gallardón (PER)', 'Metro (LOC)', 'Vicente (PER)', 'Viajeros (LOC)', 'Puerta Toledo (LOC)', 'opino (PER)', 'Tribunal (LOC)', 'Ayuntamiento (PER)', 'Chueca (LOC)', 'Aluche (LOC)', 'metro Gran Vía (LOC)', 'creia referia pimero (PER)', 'Montera (LOC)', 'Sevilla (LOC)', 'Madrid (LOC)', 'Técnicamente (LOC)', 'Nuevos Ministerios metro (LOC)', 'Red_de_San_Luis (ORG)', 'Santo Domingo (LOC)', 'Atocha (LOC)', 'Banco España (ORG)', 'Metro Comunidad Madrid (LOC)']"
2445,"['Respondiendo (PER)', 'Madrid (LOC)', 'Saludos (LOC)', 'Lugares (LOC)', 'opino (PER)', 'Iniciativa (ORG)', 'Gracias (PER)', 'Vuelvo (PER)', 'Augusto Figueroa (PER)', 'Usted (PER)', 'calle Atocha (LOC)']"
24954,"['españa (LOC)', 'Ayuntamiento (LOC)', 'Uber Cabify (ORG)', 'Palma Mallorca Agosto (LOC)', 'Parrondo Funes (PER)', 'Guardias Civiles (ORG)', 'Usted (PER)', 'Uber (ORG)', 'Cabify (ORG)', 'España (LOC)', 'calle Dios (LOC)', 'uservicio (PER)', 'Varo (PER)', 'Vivaaaa (PER)', 'Zapatero (PER)', 'Galicia (LOC)', 'Europea Estambul (LOC)', 'Servicio (LOC)', 'Dejen (LOC)', 'Directiva (ORG)', 'Gurterl (LOC)', 'Alcorcon (LOC)', 'Administración Pública (LOC)', 'App (PER)', 'Delegación Gobierno (ORG)', 'Liberizar (LOC)', 'Convenio autotaxi (LOC)', 'Tribunales (LOC)', 'Libren (LOC)', 'Liberalizar (PER)', 'Carrera (PER)', 'Consejería (LOC)', 'Lástima (PER)', 'Madrid (LOC)', 'pork (PER)', 'Pagan (PER)', 'Libranzas (PER)', 'Administraciones Públicas (ORG)', 'inaudito (LOC)', 'Uber Cabify VTCs (ORG)', 'spain (LOC)', 'Caja Madrid (ORG)', 'Barcelona (LOC)', 'Abalos (PER)']"
25077,"['Cómodo (PER)', 'Baja (LOC)', 'Jajajajajaja (PER)', 'Hola (LOC)', 'Primero (LOC)']"
2513,"['Madrid (LOC)', 'Amsterdam Copenhague (LOC)']"
2524,"['Celia (PER)', 'Saludos (LOC)', 'Themcelvez (PER)', 'Comunidad (LOC)', 'Ana (PER)', 'Acabo (LOC)', 'María Yuste (PER)', 'María Pozo (PER)', 'Antonio (PER)', 'Thérése Clerc (PER)', 'María (PER)', 'España (LOC)', 'Montreuil Toulouse (LOC)', 'Hidroterapia (PER)', 'Iniciativa (ORG)', 'Buenos días (LOC)', 'Secundo (PER)', 'Irenea (LOC)', 'Conchi (PER)', 'Casa Babayaga (LOC)', 'Comunidad Madrid (ORG)', 'Francia (LOC)', 'Ecofeminismo (PER)', 'Comunidad Madrid (LOC)', 'Repito (LOC)', 'Ágapes (LOC)', 'ANIMO (ORG)', 'Enhorabuena (PER)', 'Confío (LOC)', 'Morada Themcelvez (LOC)', 'Triodos Bank (ORG)', 'LLevo (LOC)', 'Madrid (LOC)', 'Sophy (PER)', 'juntandoos organizarel (PER)', 'Estado (PER)', 'Femenino Rural (PER)', 'Morada Themcelvez (PER)', 'Oporto (LOC)', 'Podemos (PER)', 'Montreuil Francia (LOC)', 'Gracias (PER)', 'Ayuntamiento Madrid (LOC)']"
2538,"['Paterna (LOC)', 'Metro Madrid (LOC)', 'Abra (LOC)', 'Saludos (LOC)', 'Ayuntamiento (LOC)', 'Hola Ana (PER)', 'Enseñadles (LOC)', 'Hola CarmenA (PER)', 'Santa Virgilia (LOC)', 'Pipi (PER)', 'María (PER)', 'Benetússer (LOC)', 'Ensanche Vallecas (LOC)', 'Saludos (PER)', 'Gracias: https: //decide (LOC)', 'España (ORG)', 'Ayuntamiento Getafe (LOC)', 'Bravo (PER)', 'Pedir licencia Ayuntamiento (LOC)', 'Policía (ORG)', 'Parque Juan Carlos (LOC)', 'Perros (LOC)', 'Total (ORG)', 'Gracias CarmenA (PER)', 'Policías (LOC)', 'Debería (PER)', 'Albertos (PER)', 'Hola CarmenA (LOC)', 'Bravo Manuela (PER)', 'acarre (PER)', 'Apoyada (LOC)', 'Gran (LOC)', 'Comunidad Madrid (LOC)', 'Claro (LOC)', 'Ancianos (PER)', 'Tasa (PER)', 'Madrid (LOC)', 'Alemania (LOC)', 'cagan mean calles (PER)', 'tnto (LOC)', 'Gracias (PER)', 'dadle difusión (PER)', 'Manuela Carmena (PER)', 'Ayuntamiento Madrid (LOC)']"
2551,"['Mayor (PER)', 'Plaza España (LOC)', 'Centro (LOC)', 'Pues (PER)', 'Cibeles (LOC)', 'Recoletos (LOC)']"
2576,"['Madrid (LOC)', 'nadier (PER)', 'Apoyo (PER)', 'cague calle recoja caquita (PER)', 'Sugiero (ORG)', 'Botella Gallardón (PER)', 'Aznar (PER)', 'Ayuntamiento Madrid (ORG)', 'limpien (PER)', 'Carmena (LOC)', 'Salamanca (LOC)', 'Empresas Florentino Pérez (PER)', 'Contratar (ORG)', 'Botella (PER)', 'Atila (PER)', 'Hola (LOC)', 'Comunidad Madrid (ORG)', 'pille (LOC)']"
26277,"['EMVS (ORG)', 'Madrid (LOC)', 'distrito Chamartín (LOC)', 'Aravaca (LOC)', 'Vicalvaro (PER)', 'Jóvenes (ORG)', 'EMVS Cañaveral (LOC)', 'distrito Vicalvaro (LOC)', 'Pozuelo Alarcón (LOC)', 'Estudias (LOC)', 'Nueva España (LOC)', 'Salamanca (LOC)', 'distrito Vicálvaro (LOC)', 'Carmena (PER)', 'Ensanche Vallecas (LOC)', 'Gavia (LOC)', 'Cañaveral (LOC)', 'Barrio Salamanca (LOC)']"
26787,"['Carmena Madrid (PER)', 'Espero (LOC)', 'Ciudadanos (ORG)', 'Menudo (LOC)', 'Alberto Aguilera (PER)', 'Raúl (PER)', 'Izquierdositos (PER)', 'Usted (PER)', 'Mayo (PER)', '¿Sabes (LOC)', 'Usera Carabanchel (LOC)', 'Comparto (PER)', 'Gran Almendra (LOC)', 'Firmado (LOC)', 'Tokio (LOC)', 'Paris (PER)', 'Aguirre (PER)', 'Creeme (LOC)', 'Carmena (LOC)', 'Madrid Central (LOC)', 'Izquierda (ORG)', '26-a (LOC)', 'Gran Vía (LOC)', 'Voté Carmena (PER)', 'PSOE (ORG)', 'Madrid PSOE (ORG)', 'Madrid Central (ORG)', 'Almendra (LOC)', 'Europa (LOC)', 'Corte Inglés (ORG)', 'Londres (LOC)', 'Señora Carmena (LOC)', 'Madrid (LOC)', 'Nueva York (LOC)', 'Atocha (LOC)', 'Sorpresa (LOC)', 'Villaverde (LOC)', 'Chamartín (LOC)', 'Central (LOC)', 'Centro (LOC)', 'Vallecas (LOC)', 'Carmena (PER)', 'Carmena Ojo (PER)', 'Rajoy (PER)', 'Gran calle Mayor (LOC)', 'Barcelona (LOC)', 'Pincho (PER)', 'alegro vaya (PER)']"
2944,"['Madrid (LOC)', 'Paseo Prado (LOC)', 'amazonas (LOC)', 'Militarycorruptión (LOC)', 'opino (PER)', 'Palacio Real (LOC)', 'Unidos (LOC)', 'España (LOC)', 'Pues (PER)', 'Pilar (PER)', 'RTVE (ORG)', 'Rajoy (PER)', 'sare (PER)', 'Hola (LOC)', 'Justo (PER)', 'Com (LOC)', 'espana/1349135428_850215 (LOC)']"
3044,"['Espero (LOC)', 'Gundisalvo (PER)', 'Zaragoza (LOC)', 'Italia (LOC)', 'parecerce parce (PER)', 'léete (PER)', 'Benidorm (LOC)', 'Suelo (PER)', 'PODEMOS (PER)', 'centimillo (PER)', 'Ceferino Maestu (PER)', 'Mirate (PER)', 'Valencia (LOC)', 'Mira (LOC)', 'Vigilancia (LOC)', 'pinto (PER)', 'aburres silva (PER)', 'Snke (PER)', 'Pffff (PER)', 'unknown health hazards exposure (ORG)', 'counteract widespread fear (PER)', 'usted preficere (PER)', 'voya (LOC)', 'Talmente (PER)', 'saqo (PER)', 'paqué (LOC)', 'Fundación Bordoni (PER)', 'Madrid (LOC)', 'among national public (ORG)', 'pille (PER)', 'Barcelona (LOC)', 'Gallardón (PER)', 'Leganés (LOC)', 'esla (PER)']"
3078,"['Vivimos (LOC)', 'Mostoles (LOC)', 'Arturo Soria (PER)', 'Carabanchel (LOC)', 'Usted (PER)', 'Coslada Chamartín (LOC)', 'Villaverde Casa Campo (LOC)', 'Moraleja (LOC)', 'Pozuelo Alarcón (LOC)', 'Mejorada Campo (LOC)', 'Moratalaz (LOC)', 'Buenos días (LOC)', 'pío (PER)', 'Rivas (LOC)', 'Santa Eugenia Ensanche Vallecas Campo Naciones (LOC)', 'Getafe (LOC)', 'Usera (LOC)', 'Calle Torrelaguna (LOC)', 'Fuenlabrada (LOC)', 'Campo Naciones (LOC)', 'nueva york (LOC)', 'Moncloa (LOC)', 'Coslada (LOC)', 'Villaviciosa Suroeste (LOC)', 'Hortaleza (LOC)', 'manoteras chamartin ramón cajal norte (LOC)', 'legazpi (PER)', 'M-40 (LOC)', 'Blas (LOC)', 'Madrid (LOC)', 'Rozas Mirasierra (PER)', 'Villaverde (LOC)', 'M-30 (LOC)', 'M-30 M-40 (LOC)', 'Canillejas (LOC)', 'Autobus (LOC)', 'Vallecas (LOC)', 'Urbanizaciones Race (ORG)', 'm40 (PER)', 'Uffff (LOC)', 'América (LOC)', 'a-42 (PER)', 'Vicalvaro (LOC)', 'conde casal (PER)']"
3165,"['Nueva York (LOC)', 'Madrid (LOC)', 'Isabanes (LOC)', 'Ines Sabanes (PER)', 'Ayuntamiento (LOC)', 'Pensando (PER)', 'Cubosde (LOC)', 'Puerta Toledo (LOC)', 'Exacto (ORG)', 'alemania (LOC)', 'Ojiplático (PER)', 'Gracias (PER)', 'Metro (LOC)', 'modificaras (PER)', 'Hola (LOC)', 'Considerala (LOC)']"
3481,"['Matiza (PER)', 'Bajarías (PER)', 'Sorpresa (PER)']"
3587,[]
3905,"['Tierno Galván (PER)', 'Votado (LOC)', 'Aluche (LOC)', 'Opinión (ORG)']"
417,"['Policia Nacional (LOC)', 'Apoyo (PER)', 'Ayuntamiento (LOC)', 'Sammur (LOC)', 'Gratuidad Inf (LOC)', 'Isidro (PER)', 'Solo (PER)', 'Ayuntamiento Policía Local (LOC)', 'Grecia (LOC)', 'Teléfonos (ORG)', 'Pido (PER)', 'Mayor (PER)', 'OCDE (ORG)', 'Muchísimas (PER)', 'España (LOC)', 'Bomberos (LOC)', 'Ayuntamiento (PER)', 'Apoyad (LOC)', 'Comunidad Madrid (LOC)', 'Iglesia (ORG)', 'hiciste jejeje (PER)', 'metro Batán (LOC)', 'Europa (LOC)', 'Medio Ambiente (LOC)', 'Madrid (LOC)', 'comi Madrid (LOC)', 'Gracias (PER)', 'Oxfam Intermon (ORG)', 'Ministerio Industria (LOC)', 'Madrid Gracias! (ORG)', 'Palacio (LOC)']"
4293,"['metro Madrid (LOC)', 'Madrid (LOC)', 'Alemania (LOC)', 'Ufffff (LOC)', 'España (LOC)', 'ordenais (LOC)', 'Finlandia (LOC)', 'Bozal (PER)', 'Perdón (PER)', 'Europa (LOC)', 'Gracias: https: //decide (LOC)', 'Francia (LOC)']"
4541,"['Espero (LOC)', 'Pilates (PER)', 'Ayuntamiento (LOC)', 'Ningúna (LOC)', 'Gracias Alberto (PER)', 'Etólogos (LOC)', 'Retiro (LOC)', 'Censo Municipal (PER)', 'María (PER)', 'Umezza (PER)', 'censé registré perro Ayuntamiento (PER)', 'Ayuntamiento ofrezca bienvenido Diversos (LOC)', 'multipliques (PER)', 'España (LOC)', 'Valoro (LOC)', 'Buenos días Bil (LOC)', 'Buenos días (LOC)', 'Remarco (PER)', 'Saludos Alberto (PER)', 'Administración (ORG)', 'millan (PER)', 'Perón (PER)', 'Lola (PER)', 'Madrid (LOC)', 'Hola Umezza (PER)', 'Bill (PER)', 'Universidad (ORG)', 'Gracias (PER)', 'Ulises (PER)', 'dadle difusión (PER)', 'Juan Carlos (PER)']"
494,"['Málaga (LOC)', 'pille guarreando (PER)', 'Gracias Fran (PER)', 'Capital (LOC)', 'Disuadir (PER)', 'Castilla (LOC)', 'Carabanchel (LOC)', 'Camina Barrios Salamanca (LOC)', 'echaseis (PER)', 'Necesitamos (LOC)', 'Muchachos (LOC)', 'Graffitis Firmas Bandas callejeras? (ORG)', 'Harlem (LOC)', 'Debería (PER)', 'Voto (PER)', 'Vigilancia (LOC)', 'Mira (LOC)', 'Comunidad Madrid (LOC)', 'Lugares (LOC)', 'Votad (LOC)', 'Malasaña (LOC)', 'Etc (LOC)', 'Berlín (LOC)', 'cuest (PER)', 'Sugiero (LOC)', 'Grafitis (LOC)', 'Camina Centro (LOC)', 'Europa (LOC)', 'Londres (LOC)', 'Madrid (LOC)', 'Nueva York (LOC)', 'Gracias Antonio (PER)', 'Soho (LOC)', 'París (LOC)', 'Centro (LOC)', 'Votado. (LOC)', 'Brigada (ORG)', 'David Lynch (PER)']"
50,"['Paseo Prado (LOC)', 'Gandhi (PER)', 'Hola Sergio (PER)', 'Saludos (LOC)', 'Ciudadanos (ORG)', 'Apoyo (PER)', 'Impactó (PER)', 'Quise (PER)', 'Castellana (PER)', 'Plan (ORG)', 'Odian (PER)', 'Vicente (PER)', 'martin vega (PER)', 'Grecia (LOC)', 'Lógico (LOC)', 'Intento (ORG)', 'OCDE (ORG)', 'Plaza España (LOC)', 'Vicente (LOC)', 'Carril bicicleta Castellana (PER)', 'Prefiero (PER)', 'búscalo street view (LOC)', 'Burgos (LOC)', 'España (LOC)', 'civilación (LOC)', 'Rivas (LOC)', 'Madrid Gracias (ORG)', 'Mira (LOC)', 'Enviáremos Ayuntamiento (LOC)', 'Ayuntamiento solicitara Cifuentes (LOC)', 'Cristina Cifuentes (PER)', 'Martín Vega (LOC)', 'Alonso Cano (PER)', 'Barrio Letras (LOC)', 'Saca (PER)', 'Insisto (LOC)', 'cbici (PER)', 'PSOE (ORG)', 'Explicame (PER)', 'Ricardos garcía noblejas (PER)', 'Castellana (LOC)', 'Europa (LOC)', 'Paseo Castellana (LOC)', 'Recoletos (LOC)', 'Medio Ambiente (LOC)', 'Santiago Chile (LOC)', 'Madrid (LOC)', 'paseo Prado (LOC)', 'Atocha (LOC)', 'Modesto Lafuente Ponzano (PER)', 'Legazpi (LOC)', 'vicente (PER)', 'vicente carriles (PER)', 'Resto (LOC)', 'Cbici (PER)', 'Quitar (LOC)', 'Centro (LOC)', 'Joaquín Costa Castilla (PER)', 'Cibeles-plaza Colón (LOC)', 'Oxfam Intermon (ORG)', 'Barcelona (LOC)', 'EnbiciporMadrid (ORG)', 'Ayuntamiento Madrid (LOC)']"
507,"['Unid (ORG)', 'Villaverde Bajo (LOC)', 'Méndez Álvaro (LOC)', 'Carabanchel (LOC)', 'Gavia (LOC)', 'gente quda (PER)', 'Entrevías (PER)', 'Méndez (PER)', 'replanificación (LOC)', 'Replanificar (LOC)', 'Abroñigal (LOC)', 'zona rica (LOC)', 'Espinillo (LOC)', 'Rosales (LOC)', 'Castellana (LOC)', 'Mendez Álvaro (PER)', 'Cerro Puente Vallecas (LOC)', 'Madrid (LOC)', 'Atocha (LOC)', 'Autobuses (LOC)', 'Butarque Cristóbal Ángeles (LOC)', 'Vallecas (LOC)', 'Gracias (PER)', 'Azca (LOC)']"
61,"['Madrid (LOC)', 'Fomento (ORG)', 'Fomento (LOC)', 'España (LOC)', 'Veras (LOC)', 'Ministerio (LOC)', 'Reino Unido (LOC)', 'Ayuntamientos Madrid (ORG)', 'Mundo (LOC)', 'Ayuntamiento Madrid (LOC)', 'Pozuelo (LOC)']"
615,"['Sanchinarro (LOC)', 'Bélgica (LOC)', 'India (LOC)', 'Taxis (ORG)', 'Ayuntamiento (LOC)', 'Saludos (LOC)', 'Arturo Soria (PER)', 'Bicis (PER)', 'Ceda (ORG)', 'Difundir (PER)', 'últimanente (PER)', 'stop respetar peaton (LOC)', 'Jesús (PER)', 'Pondria (PER)', 'España (LOC)', 'Ubers (ORG)', 'BICIMADRID (LOC)', 'Copenhague Amsterdam (LOC)', 'alberto contador (PER)', 'Srjuan (PER)', 'Avda. Poblados (LOC)', 'Stop (ORG)', 'Mira (LOC)', 'feneralice usted Nines466 (PER)', 'Valencia (LOC)', 'Multamos (LOC)', 'Segundo (PER)', 'lancese calzada (PER)', 'Mira majo (PER)', 'Irlanda (LOC)', 'Ciudad Madrid (LOC)', 'Efuerzo (PER)', 'salta semáforo (LOC)', 'Falló (PER)', 'Tamién (PER)', 'váis (PER)', 'paso cebra rojo (LOC)', 'Amsterdan (LOC)', 'Castellana (LOC)', 'BICIMADRID (ORG)', 'Europa (LOC)', 'M-40 (LOC)', 'Madrid (LOC)', 'Alemania (LOC)', 'París (LOC)', 'salta semáforo (PER)', 'Persigamos (LOC)', 'Avda Extremadura (LOC)', 'Concienciarnos (LOC)', 'Multar (LOC)', 'calle Reyes (LOC)', 'Holanda Irlanda (LOC)', 'Perdon (LOC)', 'América (LOC)', 'Psicotecnico (LOC)', 'Generalizas (PER)']"
629,"['calle Mayor (LOC)', 'Santiago Lopez (PER)', 'Apoyo (PER)', 'Saludos (LOC)', 'Gandhi (PER)', 'Dafo (LOC)', 'Falta (LOC)', 'Roma (LOC)', 'Botella (PER)', 'Carabanchel (LOC)', 'Grecia (LOC)', 'Colillas (LOC)', 'Mayor (PER)', 'OCDE (ORG)', 'Echarle (PER)', 'Ensucias (PER)', 'España (LOC)', 'civilación (LOC)', 'Perdón (PER)', 'Usera Carabanchel Arganzuela (LOC)', 'National Gallery (LOC)', 'Hola (LOC)', 'Usera (LOC)', 'Japon (LOC)', 'Barrio Concepción (LOC)', 'Berlín (LOC)', 'Salamanca (LOC)', 'calle Palma (LOC)', 'Bellas Vistas (LOC)', 'Carmena Dimisión (PER)', 'Europa (LOC)', 'Vota (LOC)', 'Londres (LOC)', 'Madrid (LOC)', 'Nueva York (LOC)', 'Parque Santa Maria (LOC)', 'París (LOC)', 'Botellón (PER)', 'Ningúna (PER)', 'Puente Vallecas (LOC)', 'Tetuán (LOC)', 'Oporto (LOC)', 'Vallecas (LOC)', 'Carmena (PER)', 'Votado. (LOC)', 'Oxfam Intermon (ORG)', 'Ciudad Lineal (LOC)', 'dadle difusión (PER)', 'Madrid Gracias! (ORG)', 'Ayuntamiento Madrid (LOC)']"
6931,"['Sabes (PER)', 'Madrid (LOC)', 'Moraleja (LOC)', '¿Sostienes cito (ORG)', 'Europa (LOC)', 'Centro Nacional Inteligencia (LOC)', 'Súmele (LOC)', 'Eleçige (LOC)', 'Casa Consistorial (LOC)', 'Perdona Carlos (PER)', 'Democracia Real (ORG)', 'Señor (PER)', 'Vuelvo (PER)', 'Mira (LOC)', 'Vale (ORG)', 'Comunidad Madrid (ORG)', 'Ministerio Interior (LOC)']"
7,"['Asamblea Madrid (ORG)', 'Espero (LOC)', 'Ayuntamiento (LOC)', 'apoyad (PER)', 'Arganzuela (LOC)', 'Carabanchel (PER)', 'Cúmplanlo (LOC)', 'Hortaleza Santa María (LOC)', 'Puerta Sol (LOC)', 'Carola (PER)', 'Buenos días tod@s (LOC)', 'Carabanchel (LOC)', 'Retiro (LOC)', 'Ciudad Zero Basuras (LOC)', 'Botella (PER)', 'Atentamente (LOC)', 'Grecia (LOC)', 'Isidro (PER)', 'Blas (PER)', 'Vallecas Villa (PER)', 'Sra. Carmena Sra. Sabanés (PER)', 'OCDE (ORG)', 'Carlos (PER)', 'Antonio López (PER)', 'Incluyo (PER)', 'Barrios (PER)', 'España (LOC)', 'Diego Manchado Distrito Puente Vallecas (PER)', 'Ayuntamiento (PER)', 'Consistorio (PER)', 'Usera (LOC)', 'Madrid Papeleras (LOC)', 'Rober (PER)', 'Valdebernardo (LOC)', 'García Miranda (PER)', 'Estimada Sra. Alcaldesa (PER)', 'Villa Vallecas (LOC)', 'Justo Madrid (PER)', 'Vivo Vallecas (LOC)', 'puente Vallecas (LOC)', 'Salamanca (LOC)', 'José Garrido (PER)', 'Vivo puente Pau (LOC)', 'Carmena Dimisión (PER)', 'usera (LOC)', 'Sra. Botella (PER)', 'Señora Carmena (PER)', 'Londres (LOC)', 'Tokyo (LOC)', 'Madrid (LOC)', 'Malasaña (PER)', 'Atocha (LOC)', 'Europa (LOC)', 'Eduquense (PER)', 'Espítu Santo Manuela Malasaña (LOC)', 'Villaverde (LOC)', 'Marta (PER)', 'Puente Vallecas (LOC)', 'Centro (LOC)', 'Barrio Pascual Concepción (LOC)', 'vallecas (LOC)', 'Vallecas (LOC)', 'Carmena (PER)', 'Votado (PER)', 'Oxfam Intermon (ORG)', 'dadle difusión (PER)']"
72,"['Madrid (LOC)', 'Saludos (LOC)', 'CCEE Dir (ORG)', 'Yupis (PER)', '¿Hace multinacional? (ORG)', 'Repetida (LOC)', 'Ayuntamiento (LOC)', 'Claro Cristina (PER)', 'Rere (LOC)', 'Haber (PER)', 'Economista (ORG)', 'opino yupiiiii (PER)', 'Varco (PER)', 'Madrid Gracias (ORG)', 'Corte Inglés (ORG)', 'Francia (LOC)']"
7382,"['Madrid (LOC)', 'Distrito Municipal Clave Calle (LOC)', 'Distrito Municipal (LOC)', 'Islas Hébridas (LOC)', 'Señora Consolación (LOC)', 'Tomar Callejero (PER)', 'Distrito (LOC)', 'Distrito Postal (LOC)', 'Disculpeme (PER)', 'nasa (ORG)', 'Callejero (LOC)']"
7482,"['Metro Madrid (LOC)', 'Jajajaja (PER)', 'Fuencarral Distrito Fuencarral (LOC)', 'Localización (LOC)', 'Fuencarral (LOC)', 'Metro (LOC)', 'Veis (PER)', 'Metro Iglesia (ORG)', 'Distrito Chamberí (LOC)', 'Guzmán Bueno Bermúdez (LOC)', 'Estadio Atlético (ORG)', 'Glorieta Pintor Sorolla (LOC)', 'Bravo Murillo (LOC)', 'glorieta (PER)', 'Chamberí (LOC)', 'Reforzará (LOC)', 'Casa-Museo Pintor Sorolla (PER)', 'Gregorio Marañon Ruben Dario (PER)', 'Obelisco Eduardo Dato (LOC)', 'Paco Lucía (PER)', 'Trafalgar Almagro (LOC)', 'Iglesia (ORG)', 'Islas Filipinas (LOC)', 'Cisne (PER)', 'Metropolitano (LOC)', 'Avenida Islas Filipinas (LOC)', 'Avenida Filipinas (LOC)', 'Bermúdez (LOC)', 'Madrid (LOC)', 'General Martínez Campos (PER)', 'biblioteca Central Madrid (LOC)', 'Quevedo (PER)', 'molino Quevedo (PER)', 'Tribunal (ORG)', 'Glorieta Quevedo (PER)', 'estatua Quevedo (PER)', 'Tribunal puerta Tribunal Cuentas (ORG)', 'Odios (PER)', 'Santa Engracia Eloy Gonzalo (LOC)', 'Pablo Iglesias (PER)', 'Plaza (LOC)', 'Estación Metro Iglesia Pintor Sorolla Glorieta Pintor Sorolla (LOC)', 'Sorolla Madrid (LOC)']"
7488,"['Madrid (LOC)', 'Botella (LOC)', 'Ibiza (LOC)', 'España (LOC)', 'Aluche (LOC)', 'Libertad (LOC)', 'Señores (PER)', 'Continuación (LOC)', 'Votado (LOC)', 'Londres (LOC)']"
7633,['Gracias (PER)']
8188,"['Jrcomposer (PER)', 'Apoyo (PER)', 'uffff (ORG)', 'Porq (LOC)', 'Metro (LOC)', 'Respetarnos (LOC)', 'Grecia (LOC)', 'Europeos (LOC)', 'OCDE (ORG)', 'Nivelazo (PER)', 'España (LOC)', 'Calzada (PER)', 'Debería (PER)', 'Calramente (PER)', 'Europa (LOC)', 'Madrid (LOC)', 'Carril Bici (PER)', 'Segway (PER)', 'Oxfam Intermon (ORG)', 'Carriles (PER)']"
8253,"['Madrid (LOC)', 'Segundo (PER)', 'Universidad (ORG)', 'Hortaleza (LOC)', 'chirríos (LOC)']"
86,"['Apoyo (PER)', 'Acercarlo (LOC)', 'Ayuntamiento (LOC)', 'Montijo (LOC)', 'Grecia (LOC)', 'Cuidemos Madrid (ORG)', 'Cuidar Madrid (ORG)', 'OCDE (ORG)', 'España (LOC)', 'Benicassim (LOC)', 'Moratalaz (LOC)', 'Buenos días (LOC)', 'David (PER)', 'sencilllo (PER)', 'Claro (PER)', 'Europa (LOC)', 'Pais Vasco (LOC)', 'Medio Ambiente (LOC)', 'Joaquín Costa (PER)', 'Madrid (LOC)', 'Ayuntamiento Zaragoza (LOC)', 'Puente Vallecas (LOC)', 'Centro (LOC)', 'bricks (PER)', 'Mercado Mostenses (LOC)', 'Gijón (LOC)', 'Oxfam Intermon (ORG)']"
8640,"['Abono Deporte Madrid (ORG)', 'Juanle (PER)', 'Hola (LOC)']"
878,"['Asamblea Madrid (ORG)', 'u1wSN1isBy8 (ORG)', 'ppio (PER)', 'Madrid Capital (LOC)', 'Hola Patricia (PER)', 'España (LOC)', 'Be/8rd5ih_ReJ4 (LOC)', 'Moratalaz (LOC)', 'Cardona Molins Rei (LOC)', 'GRacias Patricia (PER)', 'Hola Patricia (LOC)', 'Comunidad Madrid (ORG)', 'Comunidad Madrid (LOC)', 'Ïtalia (LOC)', 'MIra (LOC)', 'Madrid (LOC)', 'Dionisio Ridruejo (PER)', 'Urge (LOC)', 'Carmena (PER)', 'Barcelona (LOC)']"
879,"['Madrid (LOC)', 'Alemania (LOC)', 'Cadaqués Girona (LOC)', 'Alemanes (LOC)', 'Transparencia (ORG)', 'Habia (PER)', 'Madrid (ORG)', 'Ciudad (LOC)', 'España (LOC)', 'Ambientologa (PER)', 'Sistema Depósito (LOC)', 'Berlín (LOC)', 'Fomentaría (PER)', 'Marquesado Cuenca (LOC)', 'Unidad Reciclaje Móvil (ORG)', 'Recordad España (PER)', 'Europa (LOC)', 'Ecoembes (ORG)']"
89,"['Apoyo (PER)', 'OCDE (ORG)', 'Europa (LOC)', 'España (LOC)', 'Gracias (PER)', 'Votado. (LOC)', 'Oxfam Intermon (ORG)', 'Barcelona (LOC)', 'Apoyad (PER)', 'Grecia (LOC)', 'Hola (LOC)', 'Com (LOC)', 'Eva (PER)', 'Ayer (PER)']"
900,"['laaaaaaaargo (LOC)', 'multaria despediria (PER)', 'Gravar (PER)', 'Jaguar (ORG)', 'España (LOC)', 'Multar (LOC)', 'Carmena (PER)', 'Desconozco (PER)', 'Constitución (LOC)', 'Barcelona Comú (ORG)', 'Santander (LOC)', 'Barcelona (LOC)', 'penalizarían (PER)', 'Banco (ORG)']"
965,"['Ayuntamiento Iglesia (ORG)', 'Cáritas (ORG)', 'Quijotes (PER)', 'Manos Limpias CSIF CoBas (ORG)', 'Sindicatos (ORG)', 'Injusto (PER)', 'Franco (PER)', 'miguelon gel (PER)', 'Disculpe (LOC)', 'Vaya (LOC)', 'Louvre (LOC)', 'Digo (LOC)', 'Santa Sede España (LOC)', 'Iglesia Catolica (ORG)', 'Orgánica Libertad Sindical (ORG)', 'Seguridad Social (ORG)', 'Universidades? (ORG)', 'Noruega (LOC)', 'Latina Calle Calatrava (LOC)', 'Pedro Rouco (PER)', 'Urugay (LOC)', 'COPE (ORG)', 'Hola (LOC)', 'Cruz Roja Española (ORG)', 'Leer (PER)', 'ONGs (ORG)', 'iman (PER)', 'Rouco Varela (PER)', 'Iglesia Católica paga Impuesto Bienes Inmuebles. (ORG)', 'Ningúna (PER)', 'Marx (PER)', 'Dios Spaguetti (PER)', 'Vaticano (LOC)', 'CEOE (ORG)', 'Parlamanto (PER)', 'Todas Madrid (PER)', 'Iglesia Caritas (ORG)', 'Estado (LOC)', 'Desconozco (PER)', 'Vallecas (LOC)', 'Financiación Caritas (ORG)', 'Católica (ORG)', 'Manos Unidas (ORG)', 'Caritas Iglesia (ORG)', 'Gobierno (ORG)', 'Ayuntamiento (LOC)', 'Hospital Seguridad Social Doce Octubre (LOC)', 'Médicos Fronteras (ORG)', 'Sente (PER)', 'Aznar (PER)', 'Cáritas iglesia católica (ORG)', 'Isidro (PER)', 'Usted (PER)', 'Solo (PER)', 'Saldríamos (LOC)', 'Veras (PER)', 'Correcto (ORG)', 'Gasto Manos Unidas (ORG)', 'Presupuestos (PER)', 'Asociación Empresarios (ORG)', 'opino (PER)', 'Sociedad Administraciones Publicas (ORG)', 'España (LOC)', 'Gerardo (PER)', '¿Sabes (PER)', 'Asociación Podemos Vallecas (ORG)', 'Debería (PER)', 'Embajadas Consulados (LOC)', 'Hola (ORG)', 'Rouco (PER)', 'Franquismo (ORG)', 'Ahorran Estado (LOC)', 'Iglesia (ORG)', 'Iglesia Católica (ORG)', 'Masedu (PER)', 'Mecenzago (LOC)', 'Opino (PER)', 'iglesia (ORG)', 'Transmisiones (PER)', 'Ramón Maynou (PER)', 'Caritas (ORG)', 'Presidente (PER)', 'Asociación Fundación. (ORG)', 'Reyes Magos (PER)', 'Patrimonio Sindical Acumulado (ORG)', 'Partidos (ORG)', 'Madrid (LOC)', '¿Por Iglesia (ORG)', 'Ávila (LOC)', 'Hacienda (PER)', 'Monseñor Renzo Fratini (PER)', 'Zinterestalar (PER)', 'Gobierno (LOC)', 'Puente Vallecas (LOC)', 'Mezquitas Iglesias Anglicanas Ortodoxas (PER)', 'Gracias (PER)', 'Beatriz (PER)', 'Baste (PER)', 'Museo Pergamo (LOC)', 'Ayuntamiento Madrid (LOC)', 'Plusvalías (PER)', 'catedral Toledo (LOC)', 'Bien Iglesia (ORG)', '¿Conoce Mucha (LOC)', 'Ningúna (LOC)', 'Igual Iglesia (ORG)', 'bonita utopía (PER)', 'Patrimonio (LOC)', 'Concordato (ORG)', 'Papa (PER)', 'Iglesia Católica paga Impuesto Bienes Inmuebles (ORG)', 'diré rico (ORG)', 'Continuación (LOC)', 'Iglesia Iglesias (ORG)', 'Asociación (ORG)', 'eeee jejehe (PER)', 'jvlag (PER)', 'Museos (LOC)', 'Concordato (PER)', 'Ahorran (ORG)', 'Prefiero (PER)', 'Institución (ORG)', 'Deberías (PER)', 'Universidades (ORG)', 'Mira (LOC)', 'Vale (ORG)', 'catedral Almudena (LOC)', 'Jajaja (PER)', 'Católica (LOC)', 'Lafargue (PER)', 'Santa Sede 1976 (LOC)', 'Nuncio (PER)', 'PSOE (ORG)', 'César Leante (PER)', 'Iglesia Católica? (ORG)', 'Datos:1 (ORG)', 'Pues Arifumi (PER)', 'Aprovecho (PER)', 'Opus Dei (ORG)', 'Pablo Iglesias Ferrol (PER)', 'Ciudadanos PSOE (ORG)', 'Santa Sede (LOC)', 'Magreb (LOC)', 'Sofía Madrid (PER)', 'París (LOC)', 'Iglesia Ctólica (ORG)', 'Entrando (PER)', 'Ibi (LOC)', 'Mezquitas (LOC)', 'CCOO (ORG)', 'Podemos (PER)', 'cristo (PER)', 'Seguro Jesús (PER)', 'alegro (LOC)', 'Sindicatos? (ORG)', 'Iglesia-Estado (LOC)', 'Wanda (PER)', 'Nunciatura Apostólica (LOC)', 'Iglesia dicho Iglesia (ORG)', 'Madrid Sin-Techo (LOC)', 'Apoyo (PER)', 'Antonio María Rouco Varela (PER)', 'Italia (LOC)', 'Iglesia gescartera (ORG)', 'Mezquita Cordoba Catedral Granada (LOC)', 'foro Caritas (ORG)', 'Disculpe (PER)', 'Sindicato (ORG)', 'Gracias (LOC)', 'Estimada (LOC)', 'Santa (LOC)', 'Berlín Metropolitan (LOC)', 'Mordaza (LOC)', 'museo Prado Reina (LOC)', 'page (ORG)', 'Imaginan (LOC)', 'Manos Limpias (ORG)', 'Nuncio Papa (PER)', 'Argentina (LOC)', 'testigos jehova (ORG)', 'British Museum (LOC)', 'Claro (PER)', 'AEAT (ORG)', 'Órdenes Congregaciones religiosas Institutos (LOC)', 'Conferencia Episcopal (ORG)', 'jose carreras (PER)', 'Medio Ambiente (LOC)', 'Alemania (LOC)', 'Jiji (LOC)', 'Conseguireis (LOC)', 'Vaticano España (LOC)', 'Catedral Toledo (LOC)', 'Constitución (LOC)', 'Cañada Real (LOC)', 'Manipulación (LOC)', 'Palacio (LOC)']"
